size,thr,c2b,density
1,0.5400000214576721,1.0,1.000000238418579
1,0.5400000214576721,1.0,1.0
1,0.5400000214576721,1.0,0.9999998807907104
1,0.5400000214576721,1.0,0.9999997615814209
1,0.5400000214576721,1.0,0.9999999403953552
1,0.5400000214576721,1.0,0.999999463558197
1,0.5400000214576721,0.1,0.9999998807907104
1,0.5400000214576721,1.0,0.9999998211860657
1,0.5400000214576721,1.0,0.9999998807907104
1,0.5400000214576721,1.0,0.9999995231628418
1,0.5400000214576721,1.0,1.0000008344650269
1,0.5400000214576721,1.0,1.0000001192092896
1,0.5400000214576721,0.1,0.9999998807907104
1,0.5400000214576721,1.0,0.9999996423721313
1,0.5400000214576721,1.0,1.0000001192092896
1,0.5400000214576721,0.1,1.000000238418579
1,0.5400000214576721,0.1,1.0000001192092896
1,0.5400000214576721,1.0,1.0000001192092896
1,0.5400000214576721,1.0,0.9999995231628418
1,0.5400000214576721,0.1,1.0000001192092896
1,0.5400000214576721,0.1,1.0000004768371582
1,0.5400000214576721,0.1,1.0000004768371582
1,0.5400000214576721,0.1,0.9999993443489075
1,0.5400000214576721,0.1,1.0000001192092896
1,0.5400000214576721,0.1,1.000000238418579
1,0.5400000214576721,0.1,0.9999996423721313
1,0.5400000214576721,1.0,1.0
1,0.5400000214576721,1.0,0.9999993443489075
1,0.5400000214576721,0.1,1.0000003576278687
1,0.5400000214576721,0.1,1.0000001192092896
1,0.5400000214576721,0.1,0.9999998807907104
1,0.5400000214576721,1.0,0.9999999403953552
1,0.5400000214576721,0.1,0.9999996423721313
1,0.5400000214576721,1.0,0.9999997019767761
1,0.5400000214576721,1.0,1.0000001192092896
1,0.5400000214576721,0.1,0.9999998807907104
1,0.5400000214576721,1.0,0.9999999403953552
1,0.5400000214576721,0.1,0.9999998807907104
1,0.5400000214576721,1.0,0.9999997019767761
1,0.5400000214576721,1.0,0.9999999403953552
1,0.5400000214576721,1.0,0.9999996423721313
1,0.5400000214576721,1.0,1.000000238418579
1,0.5400000214576721,0.1,0.9999998807907104
1,0.5400000214576721,0.1,0.9999998807907104
1,0.5400000214576721,1.0,1.0000001192092896
1,0.5400000214576721,0.1,0.9999994039535522
1,0.5400000214576721,0.1,1.0000004768371582
1,0.5400000214576721,0.1,1.0
1,0.5400000214576721,0.1,0.9999999403953552
1,0.5400000214576721,0.1,0.9999995231628418
1,0.5400000214576721,1.584962500721156,1.0000001192092896
1,0.5400000214576721,0.1,0.9999995827674866
1,0.5400000214576721,1.584962500721156,0.999999463558197
1,0.5400000214576721,1.0,0.9999995231628418
1,0.5400000214576721,0.1,0.9999995231628418
1,0.5400000214576721,1.584962500721156,1.000000238418579
1,0.5400000214576721,1.0,1.0000004768371582
1,0.5400000214576721,1.0,0.9999998807907104
1,0.5400000214576721,1.0,0.9999998211860657
1,0.5400000214576721,1.584962500721156,1.0000001192092896
1,0.5400000214576721,0.1,1.0000004768371582
1,0.5400000214576721,0.1,1.0000001192092896
1,0.5400000214576721,0.1,1.0000001192092896
1,0.5400000214576721,1.0,1.0000001192092896
1,0.5400000214576721,0.1,0.9999998807907104
1,0.5400000214576721,0.1,0.9999997615814209
1,0.5400000214576721,0.1,1.000000238418579
1,0.5400000214576721,0.1,1.0000004768371582
1,0.5400000214576721,0.1,1.0000004768371582
1,0.5400000214576721,0.1,0.999999463558197
1,0.5400000214576721,0.1,0.9999996423721313
1,0.5400000214576721,0.1,0.9999999403953552
1,0.5400000214576721,0.1,0.9999998211860657
1,0.5400000214576721,0.1,1.0000004768371582
1,0.5400000214576721,0.1,1.000000238418579
1,0.5400000214576721,0.1,0.9999998211860657
1,0.5400000214576721,1.0,0.9999999403953552
1,0.5400000214576721,1.0,0.9999998807907104
1,0.5400000214576721,1.0,0.999999463558197
1,0.5400000214576721,0.1,0.9999998807907104
1,0.5400000214576721,1.0,0.9999999403953552
1,0.5400000214576721,0.1,0.9999995231628418
1,0.5400000214576721,0.1,0.9999998211860657
1,0.5400000214576721,0.1,0.9999992251396179
1,0.5400000214576721,0.1,0.9999995231628418
1,0.5400000214576721,2.0,1.0
1,0.5400000214576721,0.1,0.9999996423721313
1,0.5400000214576721,1.0,0.9999999403953552
1,0.5400000214576721,1.0,1.0
1,0.5400000214576721,1.0,0.9999998807907104
1,0.5400000214576721,1.0,1.0000004768371582
1,0.5400000214576721,0.1,1.0
1,0.5400000214576721,0.1,0.9999999403953552
1,0.5400000214576721,0.1,0.9999995827674866
1,0.5400000214576721,1.584962500721156,0.9999999403953552
1,0.5400000214576721,0.1,1.0000003576278687
1,0.5400000214576721,0.1,1.0
1,0.5400000214576721,0.1,0.9999996423721313
1,0.5400000214576721,0.1,1.0000001192092896
1,0.5400000214576721,0.1,1.0
1,0.5400000214576721,1.0,0.9999997615814209
1,0.5400000214576721,0.1,0.9999998211860657
1,0.5400000214576721,0.1,1.000000238418579
1,0.5400000214576721,0.1,0.9999998807907104
1,0.5400000214576721,1.0,1.0
1,0.5400000214576721,0.1,0.9999999403953552
1,0.5400000214576721,0.1,1.0
1,0.5400000214576721,0.1,0.9999997615814209
1,0.5400000214576721,0.1,1.0000001192092896
1,0.5400000214576721,0.1,0.9999998807907104
1,0.5400000214576721,0.1,0.9999997615814209
1,0.5400000214576721,1.0,1.0
1,0.5400000214576721,0.1,1.0000001192092896
1,0.5400000214576721,1.0,0.9999996423721313
1,0.5400000214576721,0.1,1.0000007152557373
1,0.5400000214576721,1.0,1.000000238418579
1,0.5400000214576721,0.1,1.0
1,0.5400000214576721,0.1,1.0000001192092896
1,0.5400000214576721,0.1,1.000000238418579
1,0.5400000214576721,0.1,1.000000238418579
1,0.5400000214576721,1.0,1.0
1,0.5400000214576721,0.1,0.9999997615814209
1,0.5400000214576721,1.0,0.9999998807907104
1,0.5400000214576721,1.0,0.9999998211860657
1,0.5400000214576721,1.0,1.0000001192092896
1,0.5400000214576721,1.0,1.0
1,0.5400000214576721,0.1,1.0
1,0.5400000214576721,0.1,1.0000003576278687
1,0.5400000214576721,0.1,1.0
1,0.5400000214576721,0.1,1.000000238418579
1,0.5400000214576721,1.0,0.9999998807907104
1,0.5400000214576721,1.0,0.9999998807907104
1,0.5400000214576721,0.1,1.0
1,0.5400000214576721,0.1,1.0
1,0.5400000214576721,0.1,1.0
1,0.5400000214576721,0.1,1.000000238418579
1,0.5400000214576721,0.1,1.000000238418579
1,0.5400000214576721,0.1,0.9999996423721313
1,0.5400000214576721,1.0,1.0
1,0.5400000214576721,1.0,1.0
1,0.5400000214576721,1.0,0.9999997615814209
1,0.5400000214576721,0.1,0.9999998211860657
1,0.5400000214576721,1.0,1.000000238418579
1,0.5400000214576721,0.1,1.000000238418579
1,0.5400000214576721,0.1,1.000000238418579
1,0.5400000214576721,0.1,0.9999997615814209
1,0.5400000214576721,0.1,1.0
1,0.5400000214576721,0.1,1.0000001192092896
1,0.5400000214576721,0.1,0.9999997615814209
1,0.5400000214576721,0.1,1.0000004768371582
1,0.5400000214576721,0.1,1.0
1,0.5400000214576721,0.1,1.0000004768371582
1,0.5400000214576721,1.0,1.0000001192092896
1,0.5400000214576721,0.1,1.0
1,0.5400000214576721,1.0,1.0000001192092896
1,0.5400000214576721,0.1,1.0
1,0.5400000214576721,0.1,1.000000238418579
1,0.5400000214576721,0.1,0.9999998807907104
1,0.5400000214576721,0.1,1.0000001192092896
1,0.5400000214576721,0.1,0.9999998807907104
1,0.5400000214576721,1.0,0.9999998807907104
1,0.5400000214576721,1.0,1.000000238418579
1,0.5400000214576721,0.1,1.0
1,0.5400000214576721,0.1,1.0
1,0.5400000214576721,0.1,0.9999997615814209
1,0.5400000214576721,0.1,1.0000003576278687
1,0.5400000214576721,0.1,1.000000238418579
1,0.5400000214576721,1.0,0.9999998807907104
1,0.5400000214576721,0.1,1.0000001192092896
1,0.5400000214576721,1.584962500721156,1.0000001192092896
1,0.5400000214576721,0.1,1.0
1,0.5400000214576721,1.0,1.0
1,0.5400000214576721,0.1,1.000000238418579
1,0.5400000214576721,0.1,0.9999997615814209
1,0.5400000214576721,0.1,1.0
1,0.5400000214576721,0.1,0.9999998807907104
1,0.5400000214576721,0.1,1.000000238418579
1,0.5400000214576721,0.1,1.0000005960464478
1,0.5400000214576721,0.1,0.9999999403953552
1,0.5400000214576721,0.1,0.9999998807907104
1,0.5400000214576721,0.1,0.9999995231628418
1,0.5400000214576721,0.1,1.0
1,0.5400000214576721,1.0,1.000000238418579
1,0.5400000214576721,0.1,1.0
1,0.5400000214576721,0.1,0.9999999403953552
1,0.5400000214576721,1.0,1.0
1,0.5400000214576721,1.0,1.0
1,0.5400000214576721,0.1,1.0000001192092896
1,0.5400000214576721,0.1,0.9999998807907104
1,0.5400000214576721,1.0,0.9999998807907104
1,0.5400000214576721,0.1,1.0
1,0.5400000214576721,0.1,1.000000238418579
1,0.5400000214576721,0.1,1.0
1,0.5400000214576721,0.1,0.9999995827674866
1,0.5400000214576721,0.1,1.0000001192092896
1,0.5400000214576721,1.0,1.0000003576278687
1,0.5400000214576721,0.1,0.9999998211860657
1,0.5400000214576721,0.1,0.9999999403953552
1,0.5400000214576721,0.1,1.0000004768371582
1,0.5400000214576721,1.584962500721156,1.0000001192092896
1,0.5400000214576721,1.0,0.9999997615814209
1,0.5400000214576721,1.0,0.9999998807907104
1,0.5400000214576721,0.1,0.9999998211860657
1,0.5400000214576721,0.1,1.0000003576278687
1,0.5400000214576721,1.0,0.9999995231628418
1,0.5400000214576721,0.1,0.9999997615814209
1,0.5400000214576721,0.1,1.000000238418579
1,0.5400000214576721,1.0,1.0
1,0.5400000214576721,0.1,0.9999998211860657
1,0.5400000214576721,1.0,0.9999999403953552
1,0.5400000214576721,1.584962500721156,1.000000238418579
1,0.5400000214576721,1.584962500721156,0.9999998807907104
1,0.5400000214576721,0.1,0.9999998807907104
1,0.5400000214576721,0.1,0.9999998807907104
1,0.5400000214576721,0.1,0.9999997019767761
1,0.5400000214576721,0.1,1.0000001192092896
1,0.5400000214576721,1.0,0.9999999403953552
1,0.5400000214576721,0.1,1.000000238418579
1,0.5400000214576721,0.1,1.0000001192092896
1,0.5400000214576721,0.1,1.0
1,0.5400000214576721,1.0,0.9999997615814209
1,0.5400000214576721,1.584962500721156,0.9999997615814209
1,0.5400000214576721,0.1,0.9999997615814209
1,0.5400000214576721,0.1,1.000000238418579
1,0.5400000214576721,1.584962500721156,0.9999997019767761
1,0.5400000214576721,0.1,0.9999996423721313
1,0.5400000214576721,1.0,1.0000001192092896
1,0.5400000214576721,1.0,1.0
1,0.5400000214576721,0.1,0.9999998807907104
1,0.5400000214576721,0.1,1.0
1,0.5400000214576721,1.0,0.9999997019767761
1,0.5400000214576721,1.584962500721156,0.9999998211860657
1,0.5400000214576721,0.1,1.000000238418579
1,0.5400000214576721,1.0,0.9999998211860657
1,0.5400000214576721,0.1,1.0000001192092896
1,0.5400000214576721,1.584962500721156,0.9999999403953552
1,0.5400000214576721,0.1,1.0000003576278687
1,0.5400000214576721,1.0,1.0000003576278687
1,0.5400000214576721,0.1,1.0000001192092896
1,0.5400000214576721,0.1,1.000000238418579
1,0.5400000214576721,0.1,0.9999998807907104
1,0.5400000214576721,0.1,0.9999998211860657
1,0.5400000214576721,0.1,0.9999995231628418
1,0.5400000214576721,0.1,1.0
1,0.5400000214576721,0.1,1.0
1,0.5400000214576721,1.0,1.0000001192092896
1,0.5400000214576721,0.1,0.9999997615814209
1,0.5400000214576721,1.584962500721156,1.0
1,0.5400000214576721,1.584962500721156,0.9999998807907104
1,0.5400000214576721,0.1,0.9999998211860657
1,0.5400000214576721,0.1,0.9999997019767761
1,0.5400000214576721,0.1,1.0
1,0.5400000214576721,0.1,0.9999998807907104
1,0.5400000214576721,0.1,0.9999997615814209
1,0.5400000214576721,0.1,1.000000238418579
1,0.5400000214576721,0.1,1.0
1,0.5400000214576721,1.0,1.000000238418579
1,0.5400000214576721,0.1,1.000000238418579
1,0.5400000214576721,0.1,0.9999998807907104
1,0.5400000214576721,0.1,0.9999998807907104
1,0.5400000214576721,1.584962500721156,0.9999998807907104
1,0.5400000214576721,0.1,0.9999998211860657
1,0.5400000214576721,0.1,1.000000238418579
1,0.5400000214576721,0.1,1.0000001192092896
1,0.5400000214576721,0.1,1.0000004768371582
1,0.5400000214576721,1.0,0.9999997615814209
1,0.5400000214576721,0.1,0.9999998807907104
1,0.5400000214576721,0.1,0.9999996423721313
1,0.5400000214576721,1.0,0.9999998807907104
1,0.5400000214576721,0.1,1.0000004768371582
1,0.5400000214576721,0.1,1.0000001192092896
1,0.5400000214576721,0.1,1.0
1,0.5400000214576721,1.0,0.9999997019767761
1,0.5400000214576721,0.1,0.9999997615814209
1,0.5400000214576721,0.1,1.000000238418579
1,0.5400000214576721,1.0,0.9999998807907104
1,0.5400000214576721,1.584962500721156,1.0
1,0.5400000214576721,0.1,1.0
1,0.5400000214576721,1.0,1.0000001192092896
1,0.5400000214576721,1.0,1.000000238418579
1,0.5400000214576721,0.1,0.9999997019767761
1,0.5400000214576721,0.1,1.0
1,0.5400000214576721,0.1,1.0000001192092896
1,0.5400000214576721,0.1,1.0000003576278687
1,0.5400000214576721,1.584962500721156,1.0000004768371582
1,0.5400000214576721,0.1,0.9999995827674866
1,0.5400000214576721,0.1,1.0
1,0.5400000214576721,1.0,0.9999998211860657
1,0.5400000214576721,0.1,1.000000238418579
1,0.5400000214576721,0.1,1.000000238418579
1,0.5400000214576721,0.1,0.9999998807907104
1,0.5400000214576721,0.1,1.000000238418579
1,0.5400000214576721,0.1,0.9999997019767761
1,0.5400000214576721,0.1,1.0
1,0.5400000214576721,1.0,1.0
1,0.5400000214576721,0.1,1.000000238418579
1,0.5400000214576721,1.0,0.9999998807907104
1,0.5400000214576721,0.1,1.0
1,0.5400000214576721,0.1,1.000000238418579
1,0.5400000214576721,0.1,1.0000001192092896
1,0.5400000214576721,0.1,0.9999996423721313
1,0.5400000214576721,0.1,1.0000001192092896
1,0.5400000214576721,0.1,1.0000003576278687
1,0.5400000214576721,0.1,0.9999995231628418
1,0.5400000214576721,1.0,1.000000238418579
1,0.5400000214576721,1.0,1.000000238418579
1,0.5400000214576721,1.584962500721156,1.0
1,0.5400000214576721,1.0,0.9999998807907104
1,0.5400000214576721,1.584962500721156,0.9999997615814209
1,0.5400000214576721,1.584962500721156,1.0
1,0.5400000214576721,1.0,1.000000238418579
1,0.5400000214576721,0.1,1.000000238418579
1,0.5400000214576721,1.584962500721156,1.0000001192092896
1,0.5400000214576721,0.1,1.0000001192092896
1,0.5400000214576721,0.1,1.0000001192092896
1,0.5400000214576721,0.1,1.0
1,0.5400000214576721,0.1,0.9999995827674866
1,0.5400000214576721,0.1,1.000000238418579
1,0.5400000214576721,0.1,1.0
1,0.5400000214576721,0.1,1.0
1,0.5400000214576721,1.0,1.000000238418579
1,0.5400000214576721,0.1,0.9999997615814209
1,0.5400000214576721,1.0,1.0000003576278687
1,0.5400000214576721,1.0,0.9999998807907104
1,0.5400000214576721,1.0,1.000000238418579
1,0.5400000214576721,1.584962500721156,0.9999998807907104
1,0.5400000214576721,1.584962500721156,1.000000238418579
1,0.5400000214576721,1.0,1.000000238418579
1,0.5400000214576721,0.1,0.9999998211860657
1,0.5400000214576721,0.1,1.0
1,0.5400000214576721,1.0,1.0000004768371582
1,0.5400000214576721,1.0,1.0
1,0.5400000214576721,0.1,1.0
1,0.5400000214576721,1.0,1.0
1,0.5400000214576721,1.0,0.9999998807907104
1,0.5400000214576721,1.0,0.9999996423721313
1,0.5400000214576721,1.0,1.000000238418579
1,0.5400000214576721,1.0,0.9999998807907104
1,0.5400000214576721,1.0,1.0
1,0.5400000214576721,0.1,0.9999998807907104
1,0.5400000214576721,0.1,0.9999997615814209
1,0.5400000214576721,1.0,0.9999998211860657
1,0.5400000214576721,0.1,1.000000238418579
1,0.5400000214576721,1.0,1.0
1,0.5400000214576721,1.0,1.0000001192092896
1,0.5400000214576721,0.1,0.9999997019767761
1,0.5400000214576721,1.0,0.9999997615814209
1,0.5400000214576721,0.1,1.0000001192092896
1,0.5400000214576721,1.0,0.9999998211860657
1,0.5400000214576721,1.0,1.0
1,0.5400000214576721,0.1,0.9999999403953552
1,0.5400000214576721,0.1,1.000000238418579
1,0.5400000214576721,0.1,1.0000001192092896
1,0.5400000214576721,1.0,1.0000004768371582
1,0.5400000214576721,0.1,1.0
1,0.5400000214576721,0.1,0.9999996423721313
1,0.5400000214576721,0.1,0.9999998211860657
1,0.5400000214576721,0.1,1.0
1,0.5400000214576721,0.1,0.9999998211860657
1,0.5400000214576721,0.1,1.000000238418579
1,0.5400000214576721,0.1,0.9999999403953552
1,0.5400000214576721,0.1,1.000000238418579
1,0.5400000214576721,0.1,1.0000001192092896
1,0.5400000214576721,1.0,1.000000238418579
1,0.5400000214576721,0.1,1.000000238418579
1,0.5400000214576721,0.1,0.9999996423721313
1,0.5400000214576721,1.0,0.9999999403953552
1,0.5400000214576721,0.1,1.0
1,0.5400000214576721,0.1,0.9999999403953552
1,0.5400000214576721,0.1,0.9999997615814209
1,0.5400000214576721,0.1,1.0
1,0.5400000214576721,0.1,1.000000238418579
1,0.5400000214576721,0.1,0.9999998211860657
1,0.5400000214576721,0.1,1.000000238418579
1,0.5400000214576721,0.1,1.0
1,0.5400000214576721,0.1,1.0000001192092896
1,0.5400000214576721,0.1,0.9999998807907104
1,0.5400000214576721,0.1,0.9999998807907104
1,0.5400000214576721,1.0,0.9999997615814209
1,0.5400000214576721,0.1,1.0000001192092896
1,0.5400000214576721,0.1,1.0
1,0.5400000214576721,0.1,0.9999998211860657
1,0.5400000214576721,0.1,1.0000001192092896
1,0.5400000214576721,0.1,0.9999995827674866
1,0.5400000214576721,0.1,0.9999998807907104
1,0.5400000214576721,0.1,1.0000003576278687
1,0.5400000214576721,0.1,1.0
1,0.5400000214576721,0.1,0.9999996423721313
1,0.5400000214576721,0.1,0.9999997615814209
1,0.5400000214576721,0.1,1.0
1,0.5400000214576721,0.1,0.9999997615814209
1,0.5400000214576721,0.1,0.9999998807907104
1,0.5400000214576721,0.1,1.0
1,0.5400000214576721,0.1,1.0000005960464478
1,0.5400000214576721,0.1,1.0
1,0.5400000214576721,0.1,0.9999996423721313
1,0.5400000214576721,0.1,0.9999998807907104
1,0.5400000214576721,0.1,1.000000238418579
1,0.5400000214576721,0.1,0.9999998807907104
1,0.5400000214576721,0.1,1.0
1,0.5400000214576721,0.1,1.0
1,0.5400000214576721,0.1,1.000000238418579
1,0.5400000214576721,0.1,1.0
1,0.5400000214576721,0.1,0.9999998211860657
1,0.5400000214576721,0.1,0.9999999403953552
1,0.5400000214576721,0.1,1.0000003576278687
1,0.5400000214576721,0.1,0.9999998211860657
1,0.5400000214576721,0.1,1.0
1,0.5400000214576721,0.1,1.0000001192092896
1,0.5400000214576721,0.1,1.0000003576278687
1,0.5400000214576721,0.1,0.9999998211860657
1,0.5400000214576721,0.1,0.9999997615814209
1,0.5400000214576721,0.1,0.9999998807907104
1,0.5400000214576721,0.1,1.000000238418579
1,0.5400000214576721,0.1,1.0
1,0.5400000214576721,0.1,1.000000238418579
1,0.5400000214576721,0.1,1.0000001192092896
1,0.5400000214576721,0.1,1.0000003576278687
1,0.5400000214576721,1.0,0.9999998807907104
1,0.5400000214576721,0.1,1.000000238418579
1,0.5400000214576721,0.1,0.9999998807907104
2,0.5400000214576721,1.0,0.7731825709342957
2,0.5400000214576721,0.1,0.7752085328102112
2,0.5400000214576721,1.0,0.8036139011383057
2,0.5400000214576721,1.0,0.7849159240722656
2,0.5400000214576721,1.0,0.7743798494338989
2,0.5400000214576721,1.584962500721156,0.8111858367919922
2,0.5400000214576721,0.1,0.7910948991775513
2,0.5400000214576721,0.1,0.8281546831130981
2,0.5400000214576721,1.0,0.7783441543579102
2,0.5400000214576721,0.1,0.780387282371521
2,0.5400000214576721,1.0,0.794031023979187
2,0.5400000214576721,1.0,0.7871605157852173
2,0.5400000214576721,0.1,0.7814093232154846
2,0.5400000214576721,0.1,0.7805739641189575
2,0.5400000214576721,0.1,0.7928650975227356
2,0.5400000214576721,1.0,0.7744593620300293
2,0.5400000214576721,0.1,0.7709583640098572
2,0.5400000214576721,1.0,0.7787432670593262
2,0.5400000214576721,1.0,0.7999852895736694
2,0.5400000214576721,1.0,0.7762278318405151
2,0.5400000214576721,1.0,0.7741637229919434
2,0.5400000214576721,1.0,0.7832546234130859
2,0.5400000214576721,1.0,0.7804434299468994
2,0.5400000214576721,1.0,0.7855674624443054
2,0.5400000214576721,1.0,0.7709251046180725
2,0.5400000214576721,0.1,0.7781316041946411
2,0.5400000214576721,1.584962500721156,0.7837849855422974
2,0.5400000214576721,0.1,0.7745331525802612
2,0.5400000214576721,0.1,0.7796776294708252
2,0.5400000214576721,1.0,0.775999128818512
2,0.5400000214576721,0.1,0.7910948395729065
2,0.5400000214576721,0.1,0.776624858379364
2,0.5400000214576721,1.0,0.7741230726242065
2,0.5400000214576721,0.1,0.7822144031524658
2,0.5400000214576721,1.584962500721156,0.7759438753128052
2,0.5400000214576721,0.1,0.7835305333137512
2,0.5400000214576721,1.584962500721156,0.7771806716918945
2,0.5400000214576721,0.1,0.7827785015106201
2,0.5400000214576721,1.584962500721156,0.7790706157684326
2,0.5400000214576721,0.1,0.772040069103241
2,0.5400000214576721,0.1,0.7710694074630737
2,0.5400000214576721,1.0,0.8053576350212097
2,0.5400000214576721,0.1,0.7790114283561707
2,0.5400000214576721,1.0,0.8021315336227417
2,0.5400000214576721,0.1,0.8125231266021729
2,0.5400000214576721,0.1,0.7751846313476562
2,0.5400000214576721,0.1,0.7706515789031982
2,0.5400000214576721,1.0,0.7820073366165161
2,0.5400000214576721,1.0,0.792568564414978
2,0.5400000214576721,0.1,0.773722767829895
2,0.5400000214576721,1.584962500721156,0.7700470685958862
2,0.5400000214576721,1.0,0.7830042839050293
2,0.5400000214576721,1.584962500721156,0.7890311479568481
2,0.5400000214576721,0.1,0.8255860805511475
2,0.5400000214576721,0.1,0.7805345058441162
2,0.5400000214576721,1.584962500721156,0.7867823839187622
2,0.5400000214576721,0.1,0.7757651805877686
2,0.5400000214576721,0.1,0.8050529956817627
2,0.5400000214576721,1.0,0.7887511253356934
2,0.5400000214576721,0.1,0.7883484363555908
2,0.5400000214576721,0.1,0.7781887054443359
2,0.5400000214576721,0.1,0.7783232927322388
2,0.5400000214576721,0.1,0.7707125544548035
2,0.5400000214576721,1.0,0.7707523107528687
2,0.5400000214576721,1.584962500721156,0.8243733644485474
2,0.5400000214576721,1.0,0.7703579664230347
2,0.5400000214576721,0.1,0.7764887809753418
2,0.5400000214576721,1.0,0.7707194089889526
2,0.5400000214576721,2.0,0.7876845002174377
2,0.5400000214576721,0.1,0.7707380056381226
2,0.5400000214576721,1.0,0.7728841304779053
2,0.5400000214576721,1.0,0.8507381081581116
2,0.5400000214576721,0.1,0.7858198881149292
2,0.5400000214576721,0.1,0.7731218338012695
2,0.5400000214576721,1.0,0.8140690326690674
2,0.5400000214576721,0.1,0.7865002751350403
2,0.5400000214576721,0.1,0.811579167842865
2,0.5400000214576721,1.0,0.8392843008041382
2,0.5400000214576721,0.1,0.7710695266723633
2,0.5400000214576721,0.1,0.7704585194587708
2,0.5400000214576721,1.0,0.7716165781021118
2,0.5400000214576721,1.0,0.772587776184082
2,0.5400000214576721,0.1,0.791214108467102
2,0.5400000214576721,1.0,0.8005357980728149
2,0.5400000214576721,0.1,0.8070974349975586
2,0.5400000214576721,0.1,0.8688193559646606
2,0.5400000214576721,0.1,0.7842987775802612
2,0.5400000214576721,1.0,0.7762282490730286
2,0.5400000214576721,1.0,0.7880027294158936
2,0.5400000214576721,1.0,0.7736244201660156
2,0.5400000214576721,0.1,0.7767307162284851
2,0.5400000214576721,0.1,0.8249733448028564
2,0.5400000214576721,1.0,0.783260703086853
2,0.5400000214576721,1.0,0.818212628364563
2,0.5400000214576721,0.1,0.8182128667831421
2,0.5400000214576721,1.0,0.7733626365661621
2,0.5400000214576721,0.1,0.8065141439437866
2,0.5400000214576721,1.0,0.8038482666015625
2,0.5400000214576721,0.1,0.803848147392273
2,0.5400000214576721,0.1,0.7723537683486938
2,0.5400000214576721,1.0,0.8338649868965149
2,0.5400000214576721,0.1,0.9090110063552856
2,0.5400000214576721,0.1,0.9090111255645752
2,0.5400000214576721,0.1,0.8264490962028503
2,0.5400000214576721,0.1,0.8264492750167847
2,0.5400000214576721,0.1,0.8036136627197266
2,0.5400000214576721,1.584962500721156,0.8050011396408081
2,0.5400000214576721,1.0,0.8069871068000793
2,0.5400000214576721,0.1,0.7719674110412598
2,0.5400000214576721,0.1,0.8313156962394714
2,0.5400000214576721,0.1,0.7764891386032104
2,0.5400000214576721,0.1,0.7839072346687317
2,0.5400000214576721,0.1,0.7737505435943604
2,0.5400000214576721,0.1,0.7772194147109985
2,0.5400000214576721,1.0,0.7751006484031677
2,0.5400000214576721,1.584962500721156,0.7766439318656921
2,0.5400000214576721,1.0,0.7836378216743469
2,0.5400000214576721,1.0,0.7704508900642395
2,0.5400000214576721,0.1,0.8313156366348267
2,0.5400000214576721,0.1,0.7943618893623352
2,0.5400000214576721,0.1,0.8688193559646606
2,0.5400000214576721,1.0,0.7765592932701111
2,0.5400000214576721,1.0,0.7914991974830627
2,0.5400000214576721,0.1,0.7740292549133301
2,0.5400000214576721,0.1,0.7779576778411865
2,0.5400000214576721,1.0,0.800536036491394
2,0.5400000214576721,0.1,0.7746179699897766
2,0.5400000214576721,2.0,0.774651288986206
2,0.5400000214576721,1.0,0.7709581851959229
2,0.5400000214576721,0.1,0.8281661868095398
2,0.5400000214576721,0.1,0.7917255163192749
2,0.5400000214576721,1.0,0.7709251642227173
2,0.5400000214576721,1.0,0.7836377620697021
2,0.5400000214576721,2.0,0.8137960433959961
2,0.5400000214576721,1.0,0.778734564781189
2,0.5400000214576721,1.0,0.7705351114273071
2,0.5400000214576721,0.1,0.7808525562286377
2,0.5400000214576721,1.0,0.7783442139625549
2,0.5400000214576721,1.0,0.7725877165794373
2,0.5400000214576721,0.1,0.7843950986862183
2,0.5400000214576721,1.584962500721156,0.770135760307312
2,0.5400000214576721,1.0,0.7905477285385132
2,0.5400000214576721,0.1,0.7706515789031982
2,0.5400000214576721,0.1,0.7805739045143127
2,0.5400000214576721,0.1,0.7787431478500366
2,0.5400000214576721,0.1,0.7704583406448364
2,0.5400000214576721,0.1,0.7950935959815979
2,0.5400000214576721,0.1,0.8023828268051147
2,0.5400000214576721,0.1,0.7730081081390381
2,0.5400000214576721,1.0,0.7826924324035645
2,0.5400000214576721,0.1,0.7735741138458252
2,0.5400000214576721,0.1,0.7737232446670532
2,0.5400000214576721,0.1,0.7721693515777588
2,0.5400000214576721,1.0,0.7711110711097717
2,0.5400000214576721,0.1,0.79436194896698
3,0.5400000214576721,1.0,0.7184721827507019
3,0.5400000214576721,1.584962500721156,0.7144648432731628
3,0.5400000214576721,1.0,0.7203443050384521
3,0.5400000214576721,0.1,0.7331538796424866
3,0.5400000214576721,0.1,0.7435865998268127
3,0.5400000214576721,1.0,0.7024515271186829
3,0.5400000214576721,1.0,0.7345340251922607
3,0.5400000214576721,1.0,0.711719274520874
3,0.5400000214576721,1.0,0.7238345146179199
3,0.5400000214576721,0.1,0.7144100666046143
3,0.5400000214576721,1.0,0.705488383769989
3,0.5400000214576721,1.584962500721156,0.7126296162605286
3,0.5400000214576721,1.584962500721156,0.7016996741294861
3,0.5400000214576721,0.1,0.7021662592887878
3,0.5400000214576721,1.584962500721156,0.6970379948616028
3,0.5400000214576721,1.0,0.7183979153633118
3,0.5400000214576721,1.0,0.7115580439567566
3,0.5400000214576721,1.0,0.7416220307350159
3,0.5400000214576721,1.584962500721156,0.7144295573234558
3,0.5400000214576721,1.0,0.7074928283691406
3,0.5400000214576721,0.1,0.7061359882354736
3,0.5400000214576721,1.0,0.718204915523529
3,0.5400000214576721,0.1,0.7108097672462463
3,0.5400000214576721,0.1,0.6989771723747253
3,0.5400000214576721,1.0,0.6966922879219055
3,0.5400000214576721,1.0,0.745642364025116
3,0.5400000214576721,1.584962500721156,0.7142446637153625
3,0.5400000214576721,1.0,0.7072534561157227
3,0.5400000214576721,1.0,0.7377994060516357
3,0.5400000214576721,1.0,0.730695903301239
3,0.5400000214576721,1.0,0.7083740234375
3,0.5400000214576721,0.1,0.755347728729248
3,0.5400000214576721,0.1,0.7511593699455261
3,0.5400000214576721,0.1,0.6980376243591309
3,0.5400000214576721,1.0,0.7069985270500183
3,0.5400000214576721,1.0,0.7256291508674622
3,0.5400000214576721,0.1,0.7710332870483398
3,0.5400000214576721,0.1,0.7062763571739197
3,0.5400000214576721,0.1,0.7249857783317566
3,0.5400000214576721,0.1,0.718619167804718
3,0.5400000214576721,0.1,0.7564537525177002
3,0.5400000214576721,1.0,0.7140102982521057
3,0.5400000214576721,1.0,0.7126076817512512
3,0.5400000214576721,1.0,0.7122557759284973
3,0.5400000214576721,0.1,0.7002472877502441
3,0.5400000214576721,1.0,0.7375578880310059
3,0.5400000214576721,0.1,0.7536358833312988
3,0.5400000214576721,1.584962500721156,0.7362851500511169
3,0.5400000214576721,1.0,0.7018690705299377
3,0.5400000214576721,0.1,0.7132654190063477
3,0.5400000214576721,0.1,0.7323924899101257
3,0.5400000214576721,0.1,0.709223747253418
3,0.5400000214576721,0.1,0.7324458956718445
3,0.5400000214576721,1.0,0.7053322196006775
3,0.5400000214576721,0.1,0.7620450854301453
3,0.5400000214576721,1.0,0.7062100768089294
3,0.5400000214576721,1.0,0.75319904088974
3,0.5400000214576721,1.0,0.7042157053947449
3,0.5400000214576721,1.584962500721156,0.6969569325447083
3,0.5400000214576721,0.1,0.7378280162811279
3,0.5400000214576721,1.0,0.6961299777030945
3,0.5400000214576721,0.1,0.7037003636360168
4,0.5400000214576721,0.1,0.664883017539978
4,0.5400000214576721,1.0,0.6881939768791199
4,0.5400000214576721,1.0,0.6755355000495911
4,0.5400000214576721,1.0,0.6704316735267639
4,0.5400000214576721,1.0,0.6709747910499573
4,0.5400000214576721,0.1,0.684453547000885
4,0.5400000214576721,1.0,0.6738428473472595
4,0.5400000214576721,1.0,0.6748511791229248
4,0.5400000214576721,1.584962500721156,0.686161458492279
4,0.5400000214576721,1.0,0.6731914281845093
4,0.5400000214576721,0.1,0.6825459599494934
4,0.5400000214576721,1.0,0.6648533940315247
4,0.5400000214576721,1.0,0.6694068908691406
4,0.5400000214576721,1.0,0.6811366677284241
4,0.5400000214576721,1.0,0.6704217791557312
4,0.5400000214576721,1.0,0.6766040921211243
4,0.5400000214576721,0.1,0.6674357652664185
4,0.5400000214576721,0.1,0.6623127460479736
4,0.5400000214576721,0.1,0.673466682434082
4,0.5400000214576721,0.1,0.6944448947906494
4,0.5400000214576721,0.1,0.7131244540214539
4,0.5400000214576721,0.1,0.6762828826904297
4,0.5400000214576721,2.0,0.6676973104476929
4,0.5400000214576721,1.584962500721156,0.6684629917144775
4,0.5400000214576721,1.0,0.6740193367004395
4,0.5400000214576721,0.1,0.7128149271011353
4,0.5400000214576721,1.584962500721156,0.7058016061782837
4,0.5400000214576721,1.0,0.6630445718765259
4,0.5400000214576721,1.0,0.6687988638877869
4,0.5400000214576721,1.0,0.667762815952301
4,0.5400000214576721,1.0,0.6722532510757446
4,0.5400000214576721,1.0,0.6785611510276794
4,0.5400000214576721,0.1,0.6860294938087463
4,0.5400000214576721,1.0,0.7007489800453186
4,0.5400000214576721,1.0,0.6629813313484192
4,0.5400000214576721,0.1,0.6961296200752258
4,0.5400000214576721,1.0,0.68624347448349
4,0.5400000214576721,1.0,0.6626195907592773
4,0.5400000214576721,1.0,0.661624014377594
4,0.5400000214576721,1.0,0.6933152675628662
4,0.5400000214576721,1.0,0.700435996055603
4,0.5400000214576721,0.1,0.7890427112579346
4,0.5400000214576721,1.0,0.6720036864280701
4,0.5400000214576721,0.1,0.7886654138565063
4,0.5400000214576721,1.0,0.6703240275382996
4,0.5400000214576721,0.1,0.7002464532852173
4,0.5400000214576721,0.1,0.6805738806724548
4,0.5400000214576721,1.0,0.6754987239837646
4,0.5400000214576721,1.0,0.6638168096542358
4,0.5400000214576721,2.321928094887362,0.6753319501876831
4,0.5400000214576721,2.0,0.7615413665771484
4,0.5400000214576721,1.0,0.6635605692863464
4,0.5400000214576721,0.1,0.6680541038513184
4,0.5400000214576721,0.1,0.6858300566673279
4,0.5400000214576721,2.0,0.6684091687202454
4,0.5400000214576721,0.1,0.7022850513458252
4,0.5400000214576721,1.584962500721156,0.7085466384887695
4,0.5400000214576721,1.0,0.668787956237793
4,0.5400000214576721,1.0,0.6701260209083557
4,0.5400000214576721,0.1,0.6575291752815247
4,0.5400000214576721,1.0,0.660062849521637
4,0.5400000214576721,0.1,0.664654016494751
4,0.5400000214576721,0.1,0.67798912525177
4,0.5400000214576721,0.1,0.65939861536026
4,0.5400000214576721,0.1,0.6696310043334961
5,0.5400000214576721,1.0,0.6657748222351074
5,0.5400000214576721,1.0,0.6474359631538391
5,0.5400000214576721,1.0,0.6435874104499817
5,0.5400000214576721,1.0,0.6597849130630493
5,0.5400000214576721,0.1,0.6741704344749451
5,0.5400000214576721,1.0,0.6446899175643921
5,0.5400000214576721,0.1,0.6491767168045044
5,0.5400000214576721,1.0,0.6714674830436707
5,0.5400000214576721,0.1,0.6729707717895508
5,0.5400000214576721,1.0,0.6445938944816589
5,0.5400000214576721,1.0,0.656863808631897
5,0.5400000214576721,1.0,0.6573304533958435
5,0.5400000214576721,1.0,0.6765141487121582
5,0.5400000214576721,0.1,0.6594791412353516
5,0.5400000214576721,1.0,0.719886064529419
5,0.5400000214576721,0.1,0.6567018628120422
5,0.5400000214576721,1.0,0.644386351108551
5,0.5400000214576721,0.1,0.6757626533508301
5,0.5400000214576721,0.1,0.7670325040817261
5,0.5400000214576721,1.584962500721156,0.6475625038146973
5,0.5400000214576721,1.0,0.6498600244522095
5,0.5400000214576721,1.0,0.6458685398101807
5,0.5400000214576721,1.584962500721156,0.6671336889266968
5,0.5400000214576721,1.0,0.6519471406936646
5,0.5400000214576721,0.1,0.6582138538360596
5,0.5400000214576721,1.0,0.6589345335960388
5,0.5400000214576721,1.0,0.6695805191993713
5,0.5400000214576721,0.1,0.648894190788269
5,0.5400000214576721,0.1,0.6807271838188171
5,0.5400000214576721,1.0,0.6480952501296997
5,0.5400000214576721,1.0,0.679592490196228
5,0.5400000214576721,0.1,0.6712871789932251
5,0.5400000214576721,1.0,0.6517482995986938
5,0.5400000214576721,0.1,0.6464748382568359
5,0.5400000214576721,0.1,0.6519520282745361
5,0.5400000214576721,1.0,0.645330548286438
5,0.5400000214576721,1.584962500721156,0.6492858529090881
5,0.5400000214576721,0.1,0.6644043922424316
5,0.5400000214576721,0.1,0.6407512426376343
6,0.5400000214576721,1.0,0.6827492713928223
6,0.5400000214576721,1.584962500721156,0.6568405628204346
6,0.5400000214576721,1.0,0.6338507533073425
6,0.5400000214576721,1.0,0.6322224140167236
6,0.5400000214576721,1.0,0.6352505087852478
6,0.5400000214576721,1.0,0.6575729846954346
6,0.5400000214576721,1.0,0.7945007681846619
6,0.5400000214576721,0.1,0.6343215107917786
6,0.5400000214576721,1.0,0.6385712623596191
6,0.5400000214576721,0.1,0.6345095634460449
6,0.5400000214576721,1.0,0.6456275582313538
6,0.5400000214576721,1.0,0.628062903881073
6,0.5400000214576721,0.1,0.6274133920669556
6,0.5400000214576721,1.584962500721156,0.6329572200775146
6,0.5400000214576721,1.0,0.6373509764671326
6,0.5400000214576721,1.0,0.6648088097572327
6,0.5400000214576721,1.0,0.6380705237388611
6,0.5400000214576721,0.1,0.6516103148460388
6,0.5400000214576721,1.0,0.6310669183731079
6,0.5400000214576721,1.0,0.6427668929100037
6,0.5400000214576721,1.584962500721156,0.6372101306915283
6,0.5400000214576721,1.0,0.6405720114707947
6,0.5400000214576721,1.0,0.6265226006507874
6,0.5400000214576721,1.0,0.6638658046722412
6,0.5400000214576721,0.1,0.6515434384346008
6,0.5400000214576721,0.1,0.6579515337944031
6,0.5400000214576721,1.0,0.6726868748664856
6,0.5400000214576721,0.1,0.6741244196891785
6,0.5400000214576721,2.0,0.644095242023468
6,0.5400000214576721,0.1,0.6513042449951172
6,0.5400000214576721,0.1,0.6759870648384094
6,0.5400000214576721,1.584962500721156,0.6576313972473145
6,0.5400000214576721,1.584962500721156,0.6377692818641663
6,0.5400000214576721,1.0,0.669905960559845
6,0.5400000214576721,0.1,0.6762226223945618
6,0.5400000214576721,0.1,0.6540350914001465
6,0.5400000214576721,1.584962500721156,0.6296464800834656
6,0.5400000214576721,1.584962500721156,0.628085196018219
6,0.5400000214576721,1.0,0.62823086977005
6,0.5400000214576721,0.1,0.633209764957428
7,0.5400000214576721,0.1,0.627949595451355
7,0.5400000214576721,0.1,0.6161972284317017
7,0.5400000214576721,1.0,0.6207186579704285
7,0.5400000214576721,1.0,0.6186910271644592
7,0.5400000214576721,1.0,0.6318244934082031
7,0.5400000214576721,1.0,0.7948981523513794
7,0.5400000214576721,1.0,0.6849743723869324
7,0.5400000214576721,1.0,0.6234099268913269
7,0.5400000214576721,0.1,0.6733556389808655
7,0.5400000214576721,1.0,0.6487190127372742
7,0.5400000214576721,1.0,0.6229843497276306
7,0.5400000214576721,1.0,0.6391766667366028
7,0.5400000214576721,0.1,0.6376399397850037
7,0.5400000214576721,0.1,0.6324067115783691
7,0.5400000214576721,0.1,0.6371330618858337
7,0.5400000214576721,0.1,0.6444247961044312
7,0.5400000214576721,1.584962500721156,0.6227864027023315
7,0.5400000214576721,1.584962500721156,0.6243118643760681
7,0.5400000214576721,0.1,0.6606593728065491
7,0.5400000214576721,1.584962500721156,0.636107325553894
7,0.5400000214576721,0.1,0.6173526048660278
8,0.5400000214576721,0.1,0.6449989676475525
8,0.5400000214576721,0.1,0.6388710737228394
8,0.5400000214576721,1.0,0.6278812289237976
8,0.5400000214576721,1.0,0.615715503692627
8,0.5400000214576721,0.1,0.6184608936309814
8,0.5400000214576721,1.0,0.6237651109695435
8,0.5400000214576721,1.584962500721156,0.625956118106842
8,0.5400000214576721,0.1,0.7574256658554077
8,0.5400000214576721,0.1,0.6313047409057617
8,0.5400000214576721,1.584962500721156,0.6174207329750061
8,0.5400000214576721,0.1,0.631542444229126
8,0.5400000214576721,0.1,0.6171920299530029
8,0.5400000214576721,1.0,0.6427053213119507
8,0.5400000214576721,1.0,0.6171039938926697
8,0.5400000214576721,1.0,0.6215549111366272
8,0.5400000214576721,0.1,0.6203199028968811
8,0.5400000214576721,0.1,0.6108270287513733
8,0.5400000214576721,1.0,0.6288352012634277
9,0.5400000214576721,1.0,0.6398543119430542
9,0.5400000214576721,1.0,0.6125731468200684
9,0.5400000214576721,0.1,0.627508282661438
9,0.5400000214576721,1.0,0.6359988451004028
9,0.5400000214576721,0.1,0.645530104637146
9,0.5400000214576721,1.0,0.6284125447273254
9,0.5400000214576721,0.1,0.6868549585342407
9,0.5400000214576721,1.0,0.6144641041755676
9,0.5400000214576721,1.0,0.6139478087425232
9,0.5400000214576721,1.584962500721156,0.6162067651748657
9,0.5400000214576721,1.584962500721156,0.6422604918479919
9,0.5400000214576721,0.1,0.611218273639679
9,0.5400000214576721,0.1,0.6193870306015015
9,0.5400000214576721,0.1,0.6232160925865173
9,0.5400000214576721,1.0,0.6155893206596375
9,0.5400000214576721,0.1,0.6193586587905884
9,0.5400000214576721,1.0,0.6130393147468567
9,0.5400000214576721,0.1,0.6506249904632568
9,0.5400000214576721,0.1,0.6143970489501953
9,0.5400000214576721,1.0,0.645391047000885
9,0.5400000214576721,0.1,0.6048369407653809
9,0.5400000214576721,1.0,0.6340776085853577
9,0.5400000214576721,0.1,0.6084763407707214
9,0.5400000214576721,0.1,0.607189416885376
10,0.5400000214576721,1.0,0.6078296303749084
10,0.5400000214576721,0.1,0.6585525870323181
10,0.5400000214576721,0.1,0.6341588497161865
10,0.5400000214576721,0.1,0.619728684425354
10,0.5400000214576721,0.1,0.6043112874031067
10,0.5400000214576721,0.1,0.6112473011016846
10,0.5400000214576721,1.584962500721156,0.6151643395423889
10,0.5400000214576721,1.0,0.6085804104804993
10,0.5400000214576721,1.0,0.6116681694984436
10,0.5400000214576721,1.0,0.6380096673965454
10,0.5400000214576721,1.584962500721156,0.6105295419692993
10,0.5400000214576721,1.0,0.6046851277351379
10,0.5400000214576721,1.584962500721156,0.6646581888198853
11,0.5400000214576721,1.0,0.5972570180892944
11,0.5400000214576721,1.0,0.6014197468757629
11,0.5400000214576721,1.0,0.6105453968048096
11,0.5400000214576721,1.0,0.608564555644989
11,0.5400000214576721,1.584962500721156,0.6020222902297974
11,0.5400000214576721,0.1,0.6227964758872986
11,0.5400000214576721,1.0,0.6136138439178467
11,0.5400000214576721,1.0,0.6528785228729248
11,0.5400000214576721,1.0,0.6376526355743408
11,0.5400000214576721,1.0,0.5955867171287537
11,0.5400000214576721,1.0,0.6286382675170898
11,0.5400000214576721,1.584962500721156,0.6178014278411865
11,0.5400000214576721,1.0,0.6039358973503113
11,0.5400000214576721,1.584962500721156,0.6377364993095398
11,0.5400000214576721,0.1,0.6512563228607178
11,0.5400000214576721,1.584962500721156,0.6129079461097717
11,0.5400000214576721,0.1,0.5938503742218018
11,0.5400000214576721,1.0,0.6071127653121948
11,0.5400000214576721,1.584962500721156,0.6265853643417358
11,0.5400000214576721,0.1,0.5931309461593628
11,0.5400000214576721,0.1,0.5904768109321594
12,0.5400000214576721,0.1,0.5976467132568359
12,0.5400000214576721,1.0,0.6064918637275696
12,0.5400000214576721,1.0,0.6107339859008789
12,0.5400000214576721,1.0,0.6162008047103882
12,0.5400000214576721,1.0,0.6248902082443237
12,0.5400000214576721,1.584962500721156,0.6135045886039734
12,0.5400000214576721,0.1,0.6427338719367981
12,0.5400000214576721,1.0,0.629584014415741
12,0.5400000214576721,1.0,0.6150010228157043
12,0.5400000214576721,1.0,0.5974509716033936
12,0.5400000214576721,1.0,0.6019012331962585
12,0.5400000214576721,1.0,0.6184559464454651
12,0.5400000214576721,1.0,0.5913766622543335
12,0.5610941691611727,0.1,0.6096112132072449
13,0.5400000214576721,0.1,0.6092354655265808
13,0.5400000214576721,1.0,0.5860196352005005
13,0.5400000214576721,0.1,0.6044597625732422
13,0.5400000214576721,0.1,0.601775586605072
13,0.5400000214576721,1.0,0.6097143292427063
13,0.5400000214576721,0.1,0.6049924492835999
13,0.5400000214576721,0.1,0.6285291314125061
13,0.5400000214576721,1.584962500721156,0.6191992163658142
13,0.5400000214576721,1.0,0.6231597065925598
13,0.5400000214576721,0.1,0.6291806101799011
13,0.5400000214576721,1.584962500721156,0.6215771436691284
13,0.5400000214576721,1.0,0.5981683731079102
13,0.5400000214576721,1.584962500721156,0.6035054922103882
13,0.5400000214576721,1.584962500721156,0.6111829280853271
13,0.5400000214576721,0.1,0.5897765755653381
13,0.5400000214576721,1.0,0.6039375066757202
13,0.5400000214576721,0.1,0.603835940361023
13,0.5400000214576721,1.0,0.6053901314735413
14,0.5400000214576721,0.1,0.6256656050682068
14,0.5400000214576721,0.1,0.6308576464653015
14,0.5400000214576721,1.0,0.5953401923179626
14,0.5400000214576721,1.584962500721156,0.5993339419364929
14,0.5400000214576721,0.1,0.6091194748878479
14,0.5400000214576721,1.584962500721156,0.6210260391235352
14,0.5400000214576721,1.0,0.5956341028213501
14,0.5400000214576721,1.584962500721156,0.6083070635795593
14,0.5400000214576721,1.0,0.6209130883216858
14,0.5400000214576721,1.0,0.598905622959137
14,0.5400000214576721,1.584962500721156,0.595576286315918
14,0.5400000214576721,1.0,0.5999463796615601
14,0.5400000214576721,0.1,0.606098473072052
14,0.5400000214576721,1.0,0.5858877301216125
14,0.5400000214576721,1.584962500721156,0.5874757766723633
14,0.5400000214576721,0.1,0.6111573576927185
15,0.5400000214576721,1.584962500721156,0.6005861163139343
15,0.5400000214576721,0.1,0.6352928876876831
15,0.5400000214576721,0.1,0.6176803708076477
15,0.5400000214576721,0.1,0.595146119594574
15,0.5400000214576721,1.0,0.5913461446762085
15,0.5400000214576721,0.1,0.5881719589233398
15,0.5400000214576721,0.1,0.635240912437439
15,0.5400000214576721,0.1,0.623289942741394
15,0.5400000214576721,1.0,0.5892490744590759
15,0.5400000214576721,2.0,0.6286744475364685
15,0.5400000214576721,0.1,0.6188953518867493
15,0.5400000214576721,0.1,0.5920193195343018
15,0.581423540401774,0.1,0.6234779953956604
15,0.581423540401774,0.1,0.6177648901939392
15,0.5610941691611727,0.1,0.6034672856330872
16,0.5400000214576721,0.1,0.6345716118812561
16,0.5400000214576721,0.1,0.6065051555633545
16,0.5400000214576721,1.0,0.6081221699714661
16,0.5400000214576721,1.584962500721156,0.6415281295776367
16,0.5400000214576721,1.0,0.5946323871612549
16,0.5400000214576721,0.1,0.5933697819709778
16,0.5400000214576721,0.1,0.6019872426986694
16,0.5400000214576721,1.0,0.6068759560585022
16,0.5400000214576721,1.0,0.5951231122016907
16,0.5400000214576721,0.1,0.5963071584701538
16,0.5400000214576721,0.1,0.6100106239318848
17,0.5400000214576721,1.0,0.5996285676956177
17,0.5610941691611727,0.1,0.6009688973426819
17,0.5400000214576721,1.584962500721156,0.6331253051757812
17,0.5400000214576721,1.584962500721156,0.6053478121757507
17,0.5400000214576721,1.0,0.5995283126831055
17,0.5400000214576721,1.584962500721156,0.6299880743026733
17,0.5400000214576721,1.584962500721156,0.5896984934806824
17,0.5400000214576721,1.0,0.6002496480941772
17,0.5400000214576721,1.0,0.5960135459899902
17,0.5400000214576721,0.1,0.6035765409469604
18,0.5400000214576721,1.0,0.6099703311920166
18,0.5400000214576721,1.584962500721156,0.5892274379730225
18,0.5400000214576721,0.1,0.6074397563934326
18,0.5400000214576721,1.584962500721156,0.6055066585540771
18,0.5400000214576721,0.1,0.5783572196960449
18,0.5400000214576721,1.584962500721156,0.6024558544158936
18,0.5400000214576721,1.0,0.6211128830909729
18,0.5400000214576721,1.584962500721156,0.6275522708892822
18,0.5400000214576721,1.0,0.5968026518821716
18,0.5400000214576721,1.0,0.596505880355835
18,0.5400000214576721,0.1,0.5844573974609375
18,0.5400000214576721,1.584962500721156,0.5968101024627686
18,0.5400000214576721,1.584962500721156,0.6052658557891846
18,0.5400000214576721,0.1,0.579990029335022
18,0.5400000214576721,1.0,0.5968829989433289
19,0.5400000214576721,0.1,0.5995609164237976
19,0.5400000214576721,0.1,0.6064159274101257
19,0.5400000214576721,1.584962500721156,0.6193180084228516
19,0.5400000214576721,0.1,0.6243284344673157
19,0.5400000214576721,0.1,0.5899335145950317
20,0.5400000214576721,0.1,0.6227548122406006
20,0.5400000214576721,1.584962500721156,0.6138761043548584
20,0.5400000214576721,0.1,0.5937851667404175
20,0.5400000214576721,1.0,0.600583016872406
20,0.5400000214576721,1.0,0.6114487051963806
20,0.5400000214576721,1.0,0.5962179899215698
20,0.5400000214576721,0.1,0.5943069458007812
20,0.6200860155387047,0.1,0.646461009979248
21,0.5400000214576721,1.584962500721156,0.6305842995643616
21,0.5400000214576721,0.1,0.6114784479141235
21,0.5400000214576721,0.1,0.587836503982544
21,0.5400000214576721,0.1,0.613589346408844
21,0.5400000214576721,1.0,0.5885764956474304
21,0.5400000214576721,1.0,0.5915225148200989
21,0.5400000214576721,1.0,0.5931857824325562
21,0.6739337257228389,0.1,0.6987862586975098
21,0.5400000214576721,0.1,0.5878336429595947
21,0.5400000214576721,1.0,0.5983625054359436
21,0.5400000214576721,1.584962500721156,0.6080814599990845
21,0.5400000214576721,1.0,0.6016606688499451
21,0.5400000214576721,1.0,0.5815281271934509
21,0.581423540401774,0.1,0.6086720824241638
21,0.5610941691611727,0.1,0.5903385877609253
22,0.5400000214576721,1.0,0.5872324705123901
22,0.5400000214576721,0.1,0.6288506984710693
22,0.6010657202003787,0.1,0.6358640193939209
22,0.5400000214576721,1.0,0.5976054072380066
22,0.5400000214576721,1.0,0.640256941318512
22,0.5400000214576721,0.1,0.5860741138458252
22,0.5400000214576721,1.0,0.6094172596931458
22,0.5400000214576721,1.0,0.5927866697311401
22,0.5610941691611727,0.1,0.5913457870483398
22,0.5400000214576721,0.1,0.5826810598373413
23,0.5400000214576721,1.0,0.5966923832893372
23,0.5400000214576721,0.1,0.6006540060043335
23,0.5610941691611727,1.0,0.6028494238853455
23,0.5400000214576721,0.1,0.5905560851097107
23,0.5400000214576721,1.0,0.5848577618598938
23,0.5400000214576721,1.0,0.5959877967834473
23,0.5400000214576721,1.584962500721156,0.5876447558403015
23,0.5400000214576721,0.1,0.5920156240463257
23,0.5400000214576721,1.584962500721156,0.6013089418411255
23,0.5400000214576721,1.0,0.6164084076881409
23,0.5610941691611727,1.584962500721156,0.6014726161956787
23,0.5400000214576721,0.1,0.5722049474716187
23,0.5610941691611727,0.1,0.5850735306739807
23,0.581423540401774,0.1,0.611869752407074
24,0.5400000214576721,1.584962500721156,0.5980210304260254
24,0.5400000214576721,0.1,0.5919848084449768
24,0.5400000214576721,1.0,0.5964294075965881
24,0.5610941691611727,0.1,0.61741703748703
24,0.5400000214576721,1.0,0.5812004208564758
25,0.5400000214576721,1.0,0.5881205201148987
25,0.5400000214576721,1.0,0.5959630012512207
25,0.5400000214576721,0.1,0.5987411737442017
25,0.5400000214576721,0.1,0.5992065668106079
25,0.6200860155387047,0.1,0.6426972150802612
25,0.5400000214576721,1.0,0.5815085768699646
25,0.5400000214576721,1.0,0.645760715007782
25,0.6564754374689125,0.1,0.6797142624855042
26,0.5400000214576721,1.0,0.5887285470962524
26,0.6010657202003787,1.0,0.6277310848236084
26,0.5400000214576721,1.0,0.6352260112762451
26,0.5610941691611727,1.0,0.6004648208618164
26,0.5400000214576721,1.0,0.6347395181655884
26,0.5400000214576721,0.1,0.5933459997177124
26,0.5400000214576721,1.0,0.6378258466720581
26,0.5610941691611727,0.1,0.5985605716705322
27,0.5400000214576721,1.0,0.5775084495544434
27,0.5400000214576721,1.0,0.6348620653152466
27,0.6010657202003787,0.1,0.6340819597244263
27,0.5400000214576721,0.1,0.5995009541511536
27,0.5400000214576721,1.584962500721156,0.599509060382843
27,0.5610941691611727,1.0,0.6153560280799866
27,0.5400000214576721,0.1,0.5976139903068542
27,0.5400000214576721,1.0,0.6042678356170654
27,0.5610941691611727,0.1,0.6051342487335205
27,0.5610941691611727,0.1,0.6016772985458374
27,0.5400000214576721,1.0,0.5859971642494202
27,0.6200860155387047,0.1,0.6518275141716003
28,0.5400000214576721,1.0,0.5973750948905945
28,0.5400000214576721,0.1,0.5963154435157776
28,0.5400000214576721,1.0,0.6190194487571716
28,0.5400000214576721,1.0,0.6088501811027527
28,0.5400000214576721,0.1,0.5734996795654297
29,0.5400000214576721,1.584962500721156,0.5950771570205688
29,0.5400000214576721,0.1,0.608328104019165
29,0.5400000214576721,0.1,0.6134073138237
29,0.5400000214576721,0.1,0.5807408094406128
29,0.5400000214576721,1.584962500721156,0.5890488028526306
29,0.5400000214576721,1.584962500721156,0.5848096013069153
29,0.5610941691611727,1.0,0.6045728325843811
29,0.5400000214576721,1.0,0.6209360957145691
29,0.5400000214576721,0.1,0.6089162230491638
29,0.5400000214576721,0.1,0.5876350998878479
29,0.581423540401774,0.1,0.62305748462677
29,0.5610941691611727,1.0,0.6111568808555603
29,0.5400000214576721,0.1,0.5822705030441284
29,0.5400000214576721,1.584962500721156,0.6177938580513
30,0.5400000214576721,1.0,0.5776875615119934
30,0.5610941691611727,0.1,0.5937342047691345
30,0.5610941691611727,0.1,0.6088415384292603
30,0.5610941691611727,1.0,0.5981572866439819
30,0.5400000214576721,1.0,0.6040313243865967
30,0.5610941691611727,1.0,0.5929310321807861
30,0.5400000214576721,1.584962500721156,0.5969380736351013
30,0.5610941691611727,0.1,0.5906850695610046
31,0.5610941691611727,1.0,0.6132473945617676
31,0.5400000214576721,0.1,0.6119269132614136
31,0.6564754374689125,0.1,0.6787936091423035
31,0.5400000214576721,1.0,0.5835924744606018
31,0.581423540401774,1.584962500721156,0.6078656315803528
31,0.5610941691611727,0.1,0.5931850671768188
31,0.6010657202003787,0.1,0.6256325244903564
32,0.5400000214576721,1.0,0.5940221548080444
32,0.5400000214576721,0.1,0.6206037998199463
32,0.581423540401774,0.1,0.6175456643104553
32,0.5610941691611727,1.0,0.6084992289543152
32,0.5610941691611727,0.1,0.6271748542785645
32,0.5400000214576721,1.0,0.6047804355621338
32,0.5400000214576721,1.0,0.6187313199043274
32,0.5400000214576721,0.1,0.5796099901199341
32,0.5610941691611727,0.1,0.5938836932182312
32,0.581423540401774,1.0,0.6066572666168213
32,0.5610941691611727,0.1,0.5920922756195068
32,0.5610941691611727,0.1,0.5924227833747864
33,0.5610941691611727,1.0,0.6118242144584656
33,0.5610941691611727,1.584962500721156,0.6127200126647949
33,0.5400000214576721,1.0,0.624628484249115
33,0.5400000214576721,1.584962500721156,0.6025021076202393
33,0.581423540401774,1.584962500721156,0.6120972633361816
33,0.5400000214576721,1.0,0.6040266156196594
33,0.6010657202003787,1.584962500721156,0.6404733657836914
33,0.5400000214576721,1.0,0.579736053943634
34,0.5400000214576721,2.0,0.6031044721603394
34,0.5400000214576721,1.584962500721156,0.597515881061554
34,0.581423540401774,0.1,0.6419370174407959
34,0.5400000214576721,1.584962500721156,0.5949915647506714
34,0.5610941691611727,1.584962500721156,0.594955325126648
34,0.5400000214576721,1.0,0.5958033204078674
34,0.5610941691611727,0.1,0.607067883014679
34,0.5400000214576721,0.1,0.5845537185668945
35,0.5400000214576721,0.1,0.6420312523841858
35,0.5400000214576721,1.0,0.605167806148529
35,0.5400000214576721,1.0,0.6042330265045166
35,0.5610941691611727,0.1,0.5998257994651794
35,0.5400000214576721,1.584962500721156,0.588074803352356
35,0.6564754374689125,0.1,0.6762370467185974
36,0.5400000214576721,2.321928094887362,0.5899381041526794
36,0.581423540401774,1.0,0.6235330700874329
36,0.5610941691611727,1.584962500721156,0.5990103483200073
36,0.5400000214576721,1.584962500721156,0.5948797464370728
36,0.5610941691611727,0.1,0.6145389676094055
36,0.5400000214576721,0.1,0.6176322102546692
36,0.581423540401774,0.1,0.6232128143310547
36,0.5610941691611727,1.0,0.6205828189849854
36,0.581423540401774,0.1,0.6187921762466431
36,0.5400000214576721,1.0,0.5912219882011414
36,0.5610941691611727,1.0,0.6195096373558044
36,0.5610941691611727,1.0,0.5943580865859985
36,0.638540001357263,0.1,0.6736558079719543
36,0.5400000214576721,1.0,0.5872043967247009
36,0.6564754374689125,0.1,0.6759201884269714
37,0.5400000214576721,1.0,0.6116310954093933
37,0.5400000214576721,1.0,0.57625812292099
37,0.6010657202003787,1.0,0.6287839412689209
37,0.5400000214576721,1.0,0.5949907898902893
37,0.5610941691611727,1.0,0.5969682335853577
38,0.5400000214576721,1.584962500721156,0.6002388596534729
38,0.5400000214576721,1.0,0.5977895855903625
38,0.581423540401774,1.0,0.6192975044250488
38,0.5400000214576721,1.0,0.5968189835548401
38,0.6010657202003787,1.584962500721156,0.6384264826774597
38,0.6010657202003787,0.1,0.6246214509010315
39,0.5610941691611727,1.0,0.5900407433509827
39,0.5610941691611727,1.0,0.6045345664024353
39,0.5400000214576721,1.0,0.6142879128456116
39,0.5400000214576721,1.0,0.5843483209609985
39,0.581423540401774,0.1,0.618880569934845
39,0.581423540401774,0.1,0.634490966796875
39,0.638540001357263,1.0,0.6738656759262085
39,0.5400000214576721,0.1,0.5810592770576477
39,0.6909510354094083,1.0,0.7081083655357361
39,0.5610941691611727,1.0,0.6067794561386108
40,0.5400000214576721,1.584962500721156,0.6235926151275635
40,0.5610941691611727,0.1,0.609075129032135
40,0.6010657202003787,0.1,0.6554518342018127
40,0.5400000214576721,0.1,0.61344975233078
40,0.5610941691611727,0.1,0.606993556022644
40,0.6010657202003787,0.1,0.6455689668655396
40,0.5400000214576721,1.0,0.5833325386047363
40,0.5400000214576721,1.584962500721156,0.5878747701644897
40,0.5400000214576721,0.1,0.5853397250175476
40,0.5400000214576721,0.1,0.609171450138092
40,0.6010657202003787,1.0,0.6312490701675415
41,0.5400000214576721,1.0,0.6199763417243958
41,0.5400000214576721,1.584962500721156,0.5774107575416565
41,0.5400000214576721,1.0,0.5837318897247314
41,0.5400000214576721,1.0,0.5939221382141113
41,0.5400000214576721,1.0,0.6178387999534607
41,0.6739337257228389,0.1,0.6923673152923584
42,0.5610941691611727,1.0,0.6004769802093506
42,0.5610941691611727,1.0,0.6307066082954407
42,0.5400000214576721,0.1,0.5812729597091675
42,0.5610941691611727,1.0,0.6029454469680786
42,0.6010657202003787,1.0,0.63544762134552
42,0.5610941691611727,1.0,0.6122879981994629
42,0.6010657202003787,0.1,0.6910198926925659
42,0.581423540401774,1.0,0.6155127882957458
42,0.5400000214576721,1.0,0.5728276371955872
43,0.5400000214576721,1.0,0.5770254731178284
43,0.5400000214576721,1.584962500721156,0.591224730014801
43,0.5610941691611727,1.0,0.6206880807876587
43,0.5610941691611727,1.0,0.6052927374839783
43,0.581423540401774,0.1,0.6501501202583313
43,0.581423540401774,1.0,0.61673903465271
43,0.5610941691611727,0.1,0.6219621896743774
43,0.581423540401774,1.584962500721156,0.6148087978363037
43,0.5400000214576721,1.584962500721156,0.5986311435699463
43,0.6010657202003787,1.584962500721156,0.6452746987342834
43,0.5400000214576721,1.584962500721156,0.624411940574646
43,0.5400000214576721,1.0,0.5821741819381714
43,0.581423540401774,1.0,0.6189159154891968
43,0.581423540401774,1.0,0.6264664530754089
43,0.6909510354094083,0.1,0.7099901437759399
44,0.5610941691611727,1.0,0.6181782484054565
44,0.5610941691611727,1.0,0.6019807457923889
44,0.5400000214576721,0.1,0.579317569732666
44,0.6010657202003787,1.0,0.6344357132911682
44,0.5400000214576721,0.1,0.5735399723052979
44,0.638540001357263,2.0,0.6652171611785889
44,0.5610941691611727,0.1,0.6000767350196838
45,0.6200860155387047,0.1,0.6445685625076294
45,0.5610941691611727,1.0,0.6028376221656799
45,0.5610941691611727,0.1,0.6090702414512634
45,0.5400000214576721,0.1,0.598541796207428
45,0.5400000214576721,1.584962500721156,0.5894287824630737
45,0.581423540401774,0.1,0.6129971146583557
45,0.581423540401774,1.0,0.6114959716796875
45,0.5400000214576721,1.0,0.5885505676269531
45,0.5400000214576721,1.0,0.5734174251556396
46,0.5400000214576721,0.1,0.6213505268096924
46,0.5400000214576721,0.1,0.6846956014633179
46,0.638540001357263,0.1,0.6769206523895264
46,0.581423540401774,0.1,0.6264796257019043
46,0.5610941691611727,1.0,0.6091607213020325
46,0.6200860155387047,1.584962500721156,0.6494995951652527
46,0.5400000214576721,1.584962500721156,0.5931090712547302
47,0.5400000214576721,1.584962500721156,0.5874247550964355
47,0.5400000214576721,0.1,0.6228586435317993
47,0.638540001357263,1.0,0.6665535569190979
47,0.5400000214576721,0.1,0.5802907347679138
47,0.6200860155387047,0.1,0.6447762846946716
47,0.5400000214576721,1.0,0.5727577805519104
47,0.5400000214576721,0.1,0.5729357004165649
47,0.6010657202003787,0.1,0.6289750933647156
48,0.6010657202003787,0.1,0.6378201842308044
48,0.5610941691611727,1.584962500721156,0.6347325444221497
48,0.5400000214576721,0.1,0.6442055702209473
49,0.6739337257228389,1.0,0.7027071714401245
49,0.5400000214576721,0.1,0.5855658054351807
49,0.5610941691611727,1.0,0.5901618003845215
49,0.5400000214576721,1.0,0.5832701921463013
49,0.638540001357263,0.1,0.6603891253471375
49,0.581423540401774,0.1,0.6194763779640198
50,0.6010657202003787,1.0,0.6369001865386963
50,0.581423540401774,1.0,0.6417227387428284
50,0.5610941691611727,1.0,0.6050153970718384
50,0.638540001357263,1.0,0.6653234362602234
50,0.581423540401774,0.1,0.6345531344413757
50,0.6564754374689125,0.1,0.674665629863739
50,0.6200860155387047,1.0,0.6717929244041443
50,0.6200860155387047,1.0,0.6459053754806519
51,0.5610941691611727,1.0,0.5942277908325195
51,0.5610941691611727,1.0,0.6219724416732788
51,0.6200860155387047,1.0,0.6752339005470276
51,0.5610941691611727,1.0,0.620997965335846
52,0.638540001357263,1.0,0.6674314141273499
52,0.6010657202003787,0.1,0.6312786936759949
52,0.581423540401774,1.0,0.6196833252906799
52,0.5610941691611727,1.584962500721156,0.6088167428970337
52,0.5610941691611727,1.0,0.5939896702766418
53,0.638540001357263,0.1,0.6824917793273926
53,0.5610941691611727,0.1,0.6241089701652527
53,0.6010657202003787,1.0,0.6602627635002136
53,0.6010657202003787,1.0,0.6330775618553162
53,0.6200860155387047,0.1,0.6448742151260376
53,0.6564754374689125,0.1,0.697048544883728
53,0.6010657202003787,0.1,0.6385834813117981
54,0.5610941691611727,0.1,0.602179229259491
54,0.6739337257228389,1.0,0.7088282108306885
54,0.5610941691611727,0.1,0.5994515419006348
54,0.581423540401774,1.0,0.6143073439598083
54,0.6010657202003787,0.1,0.6406535506248474
55,0.581423540401774,1.0,0.6359862685203552
55,0.581423540401774,1.0,0.6512537598609924
55,0.6010657202003787,1.584962500721156,0.6345756649971008
55,0.5610941691611727,1.0,0.5919330716133118
55,0.6739337257228389,0.1,0.6953412890434265
56,0.581423540401774,1.0,0.6210041642189026
56,0.6739337257228389,0.1,0.6980082392692566
56,0.5610941691611727,0.1,0.6238470077514648
56,0.6010657202003787,0.1,0.6291685700416565
56,0.6739337257228389,0.1,0.6973515748977661
56,0.5610941691611727,1.0,0.5889374613761902
56,0.581423540401774,0.1,0.6453162431716919
56,0.6564754374689125,0.1,0.6785550117492676
57,0.707559184803646,0.1,0.7231642007827759
57,0.5610941691611727,0.1,0.5883260369300842
57,0.6200860155387047,0.1,0.637658417224884
58,0.6010657202003787,1.0,0.6390295624732971
58,0.581423540401774,1.0,0.6078664064407349
58,0.5610941691611727,0.1,0.5965145230293274
59,0.638540001357263,1.0,0.6851224899291992
59,0.581423540401774,0.1,0.6160613298416138
59,0.5610941691611727,1.0,0.5986451506614685
59,0.6564754374689125,1.584962500721156,0.6956269145011902
59,0.581423540401774,0.1,0.603166937828064
59,0.581423540401774,0.1,0.6127544045448303
60,0.6909510354094083,1.0,0.7211158275604248
60,0.581423540401774,0.1,0.6113001108169556
60,0.6564754374689125,1.0,0.6776853203773499
60,0.6010657202003787,1.0,0.6282804012298584
60,0.581423540401774,0.1,0.5994665622711182
61,0.6739337257228389,0.1,0.7605192065238953
61,0.707559184803646,0.1,0.7813110947608948
61,0.6200860155387047,0.1,0.6590232253074646
62,0.6564754374689125,0.1,0.6738291382789612
62,0.638540001357263,2.0,0.6720930933952332
62,0.6909510354094083,0.1,0.7078201770782471
62,0.581423540401774,1.0,0.6372259855270386
62,0.6010657202003787,1.584962500721156,0.6374405026435852
62,0.638540001357263,1.0,0.6590885519981384
62,0.6564754374689125,2.321928094887362,0.6858618855476379
62,0.723786340480854,0.1,0.7666827440261841
62,0.6739337257228389,0.1,0.7056465148925781
62,0.6010657202003787,1.0,0.6297975182533264
63,0.6564754374689125,0.1,0.7074331045150757
63,0.6564754374689125,1.0,0.7051325440406799
63,0.581423540401774,0.1,0.6331411004066467
64,0.6564754374689125,1.0,0.6773576736450195
64,0.6909510354094083,0.1,0.7052733898162842
65,0.707559184803646,0.1,0.7301813960075378
65,0.6010657202003787,1.0,0.6472135186195374
65,0.638540001357263,1.0,0.6621777415275574
65,0.6010657202003787,1.584962500721156,0.6464906930923462
65,0.6564754374689125,0.1,0.6796796321868896
65,0.6010657202003787,0.1,0.6160463690757751
66,0.6200860155387047,1.0,0.6562932133674622
66,0.6010657202003787,0.1,0.6287356019020081
66,0.7396575784329756,1.0,0.7543225288391113
67,0.6739337257228389,0.1,0.7361171245574951
67,0.6010657202003787,1.0,0.6483023166656494
67,0.6010657202003787,1.0,0.6374949812889099
67,0.638540001357263,0.1,0.6692688465118408
68,0.6200860155387047,1.0,0.6696627736091614
68,0.638540001357263,1.584962500721156,0.6905162334442139
68,0.6200860155387047,1.584962500721156,0.6505293846130371
68,0.6909510354094083,1.0,0.7135591506958008
69,0.707559184803646,1.584962500721156,0.7385623455047607
69,0.581423540401774,0.1,0.6223201155662537
69,0.707559184803646,1.0,0.7383620142936707
69,0.581423540401774,0.1,0.6071189045906067
70,0.6909510354094083,1.0,0.7486334443092346
70,0.638540001357263,1.0,0.6777384877204895
70,0.723786340480854,0.1,0.7377498745918274
70,0.6010657202003787,1.584962500721156,0.633665919303894
71,0.6564754374689125,1.0,0.7033713459968567
71,0.7551953389686671,0.1,0.8128421902656555
71,0.6909510354094083,0.1,0.7112277150154114
71,0.707559184803646,1.584962500721156,0.7365993857383728
71,0.7396575784329756,0.1,0.752754271030426
72,0.6564754374689125,1.0,0.6913111805915833
73,0.6200860155387047,1.584962500721156,0.6523659825325012
73,0.6010657202003787,1.0,0.632205605506897
74,0.6564754374689125,0.1,0.6875578165054321
74,0.6909510354094083,1.0,0.718876302242279
74,0.6909510354094083,0.1,0.7084638476371765
75,0.638540001357263,1.0,0.6717972159385681
75,0.6010657202003787,0.1,0.6240196228027344
76,0.7396575784329756,0.1,0.7509800791740417
76,0.6564754374689125,0.1,0.6882556676864624
77,0.6200860155387047,0.1,0.6514967083930969
77,0.6200860155387047,0.1,0.651314377784729
77,0.6200860155387047,0.1,0.6458573937416077
78,0.6564754374689125,1.0,0.6938907504081726
78,0.707559184803646,1.584962500721156,0.7249756455421448
78,0.6200860155387047,1.584962500721156,0.6703837513923645
78,0.6739337257228389,1.0,0.695773184299469
78,0.6739337257228389,1.0,0.6897258162498474
78,0.6909510354094083,0.1,0.70650315284729
79,0.6739337257228389,1.0,0.7018531560897827
79,0.6909510354094083,1.584962500721156,0.71355801820755
79,0.723786340480854,1.0,0.7443174719810486
79,0.6010657202003787,1.0,0.6222954988479614
79,0.6564754374689125,0.1,0.6848472356796265
79,0.6200860155387047,0.1,0.6520369052886963
79,0.6739337257228389,1.0,0.7005596160888672
79,0.6739337257228389,1.0,0.692894458770752
79,0.6010657202003787,1.0,0.6547110080718994
80,0.6564754374689125,1.0,0.6856216788291931
80,0.638540001357263,0.1,0.6782174110412598
80,0.6564754374689125,1.584962500721156,0.6847150921821594
80,0.6200860155387047,0.1,0.6430221796035767
80,0.723786340480854,0.1,0.7390119433403015
81,0.6564754374689125,1.0,0.6801941394805908
81,0.707559184803646,1.0,0.7257888317108154
81,0.6200860155387047,0.1,0.6405012607574463
81,0.6564754374689125,0.1,0.6896350383758545
82,0.6739337257228389,0.1,0.7004715800285339
83,0.723786340480854,0.1,0.7419884204864502
83,0.6909510354094083,1.0,0.7149785757064819
83,0.6909510354094083,1.0,0.7202163934707642
83,0.723786340480854,1.0,0.7396743893623352
84,0.6200860155387047,1.0,0.6545284986495972
84,0.6739337257228389,0.1,0.7004183530807495
84,0.6200860155387047,0.1,0.6557674407958984
85,0.6909510354094083,0.1,0.706989049911499
85,0.6200860155387047,1.0,0.639635443687439
85,0.7396575784329756,0.1,0.7536916136741638
86,0.6909510354094083,1.584962500721156,0.7492172718048096
86,0.638540001357263,1.0,0.6564642786979675
87,0.6564754374689125,1.584962500721156,0.6973264813423157
87,0.6909510354094083,1.0,0.7213005423545837
87,0.723786340480854,1.0,0.7434496879577637
87,0.6200860155387047,1.0,0.6373518705368042
88,0.638540001357263,1.584962500721156,0.672087550163269
88,0.638540001357263,1.0,0.6786329746246338
88,0.6200860155387047,1.0,0.649135172367096
88,0.7704197989840778,0.1,0.7998441457748413
88,0.723786340480854,1.0,0.74444580078125
88,0.638540001357263,1.0,0.6869231462478638
89,0.7396575784329756,0.1,0.7757117748260498
89,0.6909510354094083,1.0,0.7142415642738342
90,0.6564754374689125,0.1,0.681557297706604
90,0.6909510354094083,1.0,0.7105775475502014
90,0.6564754374689125,1.0,0.7066773176193237
90,0.6909510354094083,0.1,0.7065497636795044
90,0.638540001357263,1.0,0.6722220182418823
90,0.6564754374689125,1.0,0.6785879135131836
91,0.7551953389686671,0.1,0.7928823828697205
91,0.6564754374689125,0.1,0.6817196607589722
92,0.6564754374689125,0.1,0.6903573870658875
93,0.638540001357263,0.1,0.6704014539718628
93,0.6739337257228389,1.0,0.7000337243080139
94,0.723786340480854,1.0,0.7482239603996277
94,0.707559184803646,0.1,0.723633885383606
95,0.7551953389686671,0.1,0.7944832444190979
95,0.6739337257228389,0.1,0.737388551235199
95,0.6739337257228389,0.1,0.7244072556495667
97,0.707559184803646,1.0,0.7274624705314636
97,0.6909510354094083,0.1,0.7201318740844727
97,0.6739337257228389,1.0,0.7198687791824341
97,0.638540001357263,0.1,0.6829332113265991
98,0.7396575784329756,1.0,0.7574318051338196
99,0.723786340480854,0.1,0.7437885999679565
99,0.6564754374689125,1.0,0.6766012907028198
100,0.7396575784329756,0.1,0.7610553503036499
100,0.7396575784329756,1.584962500721156,0.7583039999008179
100,0.6909510354094083,0.1,0.7094483375549316
102,0.6909510354094083,0.1,0.7045740485191345
103,0.6739337257228389,0.1,0.6999806761741638
103,0.707559184803646,1.584962500721156,0.725662887096405
103,0.6739337257228389,0.1,0.6906144022941589
104,0.6909510354094083,1.0,0.7210087180137634
105,0.6739337257228389,1.0,0.7019781470298767
105,0.6739337257228389,1.0,0.7033622860908508
105,0.6909510354094083,0.1,0.7120690941810608
105,0.6739337257228389,1.0,0.6924951672554016
106,0.6564754374689125,1.0,0.6807985305786133
108,0.707559184803646,0.1,0.7237476110458374
108,0.6909510354094083,1.0,0.712805986404419
108,0.7551953389686671,0.1,0.7724716663360596
108,0.707559184803646,0.1,0.726447582244873
109,0.6909510354094083,0.1,0.7077481746673584
110,0.723786340480854,1.584962500721156,0.7395541071891785
111,0.6739337257228389,0.1,0.6950781345367432
113,0.7551953389686671,1.0,0.7747837901115417
113,0.7396575784329756,0.1,0.7585940957069397
113,0.6739337257228389,0.1,0.6975808143615723
114,0.6909510354094083,1.584962500721156,0.7132715582847595
114,0.7551953389686671,1.0,0.7719622254371643
115,0.7551953389686671,0.1,0.7687227725982666
116,0.723786340480854,1.0,0.7474837303161621
117,0.7704197989840778,2.321928094887362,0.7879736423492432
118,0.6739337257228389,0.1,0.6966246366500854
119,0.6739337257228389,1.0,0.7307502031326294
121,0.723786340480854,1.0,0.7546661496162415
122,0.723786340480854,1.584962500721156,0.7406938672065735
123,0.707559184803646,1.0,0.7371512055397034
123,0.7396575784329756,0.1,0.766238808631897
124,0.7551953389686671,0.1,0.774768590927124
124,0.7551953389686671,1.0,0.7742667198181152
125,0.707559184803646,1.0,0.7258450984954834
125,0.6909510354094083,1.0,0.7439686059951782
125,0.723786340480854,0.1,0.740807056427002
126,0.7551953389686671,0.1,0.7814948558807373
126,0.7551953389686671,1.0,0.7722300887107849
126,0.8,1.0,0.8148824572563171
127,0.6909510354094083,0.1,0.7199782729148865
127,0.7704197989840778,0.1,0.7925642728805542
127,0.723786340480854,1.0,0.7499603629112244
128,0.707559184803646,0.1,0.7314949631690979
129,0.7704197989840778,1.584962500721156,0.7902339696884155
129,0.7704197989840778,0.1,0.7881510853767395
131,0.7704197989840778,1.0,0.7919462323188782
131,0.7704197989840778,0.1,0.78764408826828
132,0.7551953389686671,0.1,0.7798200249671936
132,0.707559184803646,1.584962500721156,0.7299249172210693
134,0.707559184803646,0.1,0.7350295186042786
134,0.723786340480854,1.0,0.7422705292701721
134,0.707559184803646,0.1,0.7254605889320374
135,0.7551953389686671,1.0,0.7708367109298706
135,0.723786340480854,1.584962500721156,0.7598419189453125
135,0.7704197989840778,2.0,0.7844047546386719
136,0.7551953389686671,1.584962500721156,0.7787468433380127
136,0.7396575784329756,1.0,0.7588135600090027
137,0.7396575784329756,0.1,0.7769691348075867
137,0.723786340480854,1.584962500721156,0.7488575577735901
139,0.7704197989840778,0.1,0.7875643968582153
139,0.7396575784329756,0.1,0.7629434466362
140,0.8,0.1,0.8271257877349854
140,0.7551953389686671,1.0,0.7761556506156921
141,0.7551953389686671,1.0,0.7761337161064148
141,0.7704197989840778,1.0,0.791404664516449
141,0.723786340480854,1.0,0.7547726631164551
142,0.7704197989840778,1.0,0.7937744855880737
142,0.7551953389686671,1.0,0.7751896381378174
143,0.7704197989840778,0.1,0.8041741251945496
143,0.7396575784329756,0.1,0.768826425075531
143,0.7853491792402494,0.1,0.8080462217330933
143,0.8,1.0,0.8153213262557983
143,0.7396575784329756,1.0,0.7643770575523376
144,0.7551953389686671,1.0,0.774154782295227
144,0.7551953389686671,1.0,0.7724475264549255
144,0.7853491792402494,0.1,0.8043882846832275
144,0.723786340480854,0.1,0.7416216731071472
145,0.7551953389686671,0.1,0.7762660384178162
146,0.8,1.0,0.8227913975715637
146,0.8,1.0,0.8210000395774841
147,0.7853491792402494,1.0,0.8135768175125122
148,0.723786340480854,0.1,0.7524133920669556
148,0.8,1.0,0.8194911479949951
149,0.7853491792402494,0.1,0.8051919341087341
149,0.7551953389686671,0.1,0.7875488996505737
149,0.723786340480854,0.1,0.7582072019577026
152,0.7396575784329756,1.0,0.762086808681488
152,0.8,0.1,0.821866512298584
153,0.7396575784329756,0.1,0.7644715309143066
154,0.8,1.584962500721156,0.8273851871490479
154,0.7853491792402494,0.1,0.8055545091629028
156,0.7853491792402494,1.0,0.8110190629959106
156,0.7704197989840778,1.0,0.8007903695106506
156,0.7551953389686671,0.1,0.7874084711074829
156,0.7853491792402494,1.584962500721156,0.8115942478179932
157,0.7853491792402494,1.0,0.8043742775917053
157,0.7704197989840778,1.584962500721156,0.7923509478569031
163,0.8,0.1,0.8329471349716187
163,0.8,0.1,0.8277469873428345
165,0.8,0.1,0.8253953456878662
166,0.8,0.1,0.8210160732269287
166,0.8,1.0,0.8192914724349976
166,0.8285247934330834,1.0,0.8508819937705994
166,0.8,0.1,0.8208475708961487
166,0.7704197989840778,1.0,0.7882434725761414
166,0.8285247934330834,0.1,0.8497041463851929
168,0.8424250708520017,2.0,0.8637972474098206
168,0.7704197989840778,0.1,0.7960305213928223
168,0.7853491792402494,1.0,0.8047471046447754
169,0.7704197989840778,1.0,0.7930689454078674
169,0.7853491792402494,1.0,0.8058334589004517
169,0.7551953389686671,0.1,0.7858633995056152
169,0.7704197989840778,0.1,0.7949935793876648
170,0.7853491792402494,0.1,0.816034734249115
170,0.8,0.1,0.8269982933998108
170,0.8285247934330834,1.0,0.8565148711204529
172,0.8424250708520017,1.0,0.8644899129867554
172,0.8143872952512623,1.0,0.8351303935050964
173,0.8143872952512623,0.1,0.8479033708572388
174,0.8424250708520017,1.0,0.8634417057037354
174,0.8285247934330834,0.1,0.8550273180007935
175,0.8,1.0,0.8212233185768127
175,0.7704197989840778,1.0,0.7892473340034485
175,0.8,1.0,0.821171760559082
176,0.8285247934330834,1.0,0.8563663363456726
176,0.7704197989840778,0.1,0.7918588519096375
178,0.8,1.0,0.8278395533561707
178,0.7704197989840778,0.1,0.798501193523407
179,0.8,2.0,0.824774444103241
180,0.7853491792402494,0.1,0.8095341324806213
180,0.8424250708520017,0.1,0.8675141930580139
180,0.8285247934330834,0.1,0.8532769083976746
181,0.8143872952512623,0.1,0.845710039138794
181,0.8560996826694114,0.1,0.8795729875564575
182,0.8,0.1,0.8206395506858826
183,0.8424250708520017,1.0,0.8630998134613037
183,0.7853491792402494,0.1,0.8267640471458435
183,0.8424250708520017,1.0,0.8612694144248962
184,0.8424250708520017,1.0,0.8686877489089966
184,0.8,1.0,0.8241254687309265
185,0.8285247934330834,1.584962500721156,0.8588329553604126
185,0.8,1.0,0.8242802619934082
185,0.8,1.0,0.8320622444152832
186,0.8,1.0,0.8247159719467163
186,0.8,1.0,0.8354051113128662
187,0.8560996826694114,0.1,0.8859081864356995
187,0.8,0.1,0.8215459585189819
188,0.8143872952512623,1.0,0.8399081230163574
188,0.8560996826694114,0.1,0.8785350322723389
188,0.8285247934330834,1.0,0.8604177832603455
188,0.8143872952512623,0.1,0.8408622741699219
189,0.8424250708520017,0.1,0.8747180104255676
189,0.8424250708520017,0.1,0.8685527443885803
189,0.8143872952512623,1.584962500721156,0.8441817760467529
189,0.8560996826694114,1.0,0.8863434791564941
189,0.7853491792402494,1.0,0.8123996257781982
189,0.8143872952512623,1.0,0.8403840065002441
190,0.8560996826694114,1.0,0.881269097328186
191,0.8424250708520017,1.0,0.8690126538276672
191,0.8424250708520017,1.0,0.8744873404502869
191,0.8285247934330834,0.1,0.8533334136009216
192,0.8285247934330834,1.0,0.8553707003593445
193,0.8143872952512623,1.0,0.8389819860458374
193,0.8560996826694114,1.0,0.8885514140129089
193,0.8560996826694114,1.0,0.8859296441078186
193,0.8695592753420168,1.584962500721156,0.8955766558647156
193,0.8560996826694114,1.0,0.8821464776992798
194,0.8560996826694114,1.0,0.8846051096916199
194,0.8695592753420168,1.584962500721156,0.8935317993164062
194,0.8143872952512623,1.0,0.8473848700523376
195,0.8424250708520017,1.584962500721156,0.865471601486206
195,0.8285247934330834,1.0,0.8516372442245483
196,0.8560996826694114,1.584962500721156,0.8931465744972229
196,0.8143872952512623,0.1,0.8505958914756775
196,0.8143872952512623,1.584962500721156,0.8492435812950134
196,0.8285247934330834,0.1,0.8545184135437012
198,0.8424250708520017,0.1,0.865233838558197
198,0.8560996826694114,0.1,0.8871088624000549
199,0.8560996826694114,1.0,0.896675705909729
199,0.8424250708520017,1.0,0.8662183880805969
199,0.8285247934330834,1.0,0.8585829138755798
200,0.8285247934330834,0.1,0.8588019013404846
200,0.8424250708520017,0.1,0.8761016130447388
200,0.8285247934330834,0.1,0.8669559359550476
200,0.8560996826694114,1.0,0.8960931301116943
200,0.8560996826694114,1.0,0.8930034637451172
202,0.8143872952512623,0.1,0.8427982330322266
202,0.8560996826694114,1.584962500721156,0.8795455098152161
203,0.8695592753420168,1.584962500721156,0.8989807367324829
203,0.8285247934330834,1.0,0.8684360384941101
204,0.8143872952512623,0.1,0.8412970900535583
204,0.8695592753420168,1.0,0.8972328305244446
205,0.8424250708520017,0.1,0.8768258690834045
205,0.8695592753420168,2.321928094887362,0.8982382416725159
205,0.8143872952512623,1.584962500721156,0.8434732556343079
206,0.8424250708520017,0.1,0.8728001713752747
206,0.8424250708520017,1.584962500721156,0.871311604976654
207,0.8560996826694114,1.584962500721156,0.8808421492576599
207,0.8285247934330834,1.584962500721156,0.8576185703277588
208,0.8695592753420168,0.1,0.9086841940879822
208,0.8424250708520017,1.0,0.8703898787498474
208,0.8424250708520017,1.584962500721156,0.8680244088172913
208,0.8424250708520017,1.0,0.8760271072387695
208,0.8424250708520017,1.0,0.8730757236480713
208,0.8560996826694114,0.1,0.888434648513794
208,0.8143872952512623,1.0,0.8512922525405884
208,0.8560996826694114,1.0,0.8880040645599365
208,0.8285247934330834,1.584962500721156,0.861482560634613
209,0.8560996826694114,0.1,0.8968033790588379
209,0.8143872952512623,1.0,0.842665433883667
209,0.8560996826694114,0.1,0.8915274143218994
210,0.8560996826694114,2.0,0.8835660219192505
211,0.8560996826694114,0.1,0.8958732485771179
211,0.8424250708520017,2.0,0.871404230594635
211,0.8285247934330834,0.1,0.8575910925865173
211,0.8424250708520017,1.0,0.8716841340065002
211,0.8560996826694114,1.584962500721156,0.8883686661720276
212,0.8695592753420168,1.0,0.9120132923126221
212,0.8424250708520017,0.1,0.8698241114616394
212,0.8695592753420168,1.584962500721156,0.909747838973999
212,0.8695592753420168,1.584962500721156,0.9021459817886353
212,0.8695592753420168,1.0,0.9087518453598022
213,0.8695592753420168,1.0,0.9120391607284546
213,0.8560996826694114,1.584962500721156,0.883176326751709
213,0.8285247934330834,1.0,0.8614956736564636
213,0.8695592753420168,1.0,0.9044376611709595
213,0.8695592753420168,0.1,0.9131041169166565
214,0.8560996826694114,1.584962500721156,0.8850677609443665
214,0.8560996826694114,1.0,0.8862729668617249
214,0.8285247934330834,0.1,0.8579951524734497
214,0.8560996826694114,1.584962500721156,0.8857530355453491
215,0.8695592753420168,1.0,0.9024441242218018
215,0.8285247934330834,0.1,0.8633809685707092
215,0.8560996826694114,1.0,0.8872084617614746
215,0.8695592753420168,1.0,0.9055370688438416
216,0.8285247934330834,1.584962500721156,0.8604874610900879
216,0.8695592753420168,1.0,0.9120583534240723
216,0.8695592753420168,1.584962500721156,0.8945630192756653
216,0.8695592753420168,0.1,0.9055016040802002
216,0.8695592753420168,1.0,0.9122478365898132
216,0.8560996826694114,0.1,0.8852956295013428
217,0.8695592753420168,1.0,0.9016318321228027
217,0.8695592753420168,0.1,0.9108522534370422
218,0.8695592753420168,0.1,0.9077534675598145
218,0.8424250708520017,1.0,0.8738141059875488
218,0.8695592753420168,0.1,0.9002660512924194
218,0.8695592753420168,1.0,0.8951908946037292
218,0.8285247934330834,1.0,0.8645411729812622
219,0.8828136836275252,1.0,0.9230116605758667
219,0.8828136836275252,1.584962500721156,0.9113971590995789
219,0.8828136836275252,1.0,0.9163437485694885
219,0.8828136836275252,0.1,0.9279772639274597
219,0.8695592753420168,1.0,0.8985088467597961
220,0.8695592753420168,1.584962500721156,0.9131094217300415
220,0.8560996826694114,0.1,0.8909874558448792
220,0.8828136836275252,1.0,0.9195276498794556
220,0.8958720146687621,1.0,0.942861795425415
220,0.8560996826694114,1.584962500721156,0.8921149969100952
220,0.8560996826694114,1.584962500721156,0.8883646130561829
220,0.8828136836275252,1.0,0.9225738644599915
220,0.8828136836275252,1.0,0.9222744107246399
220,0.8560996826694114,1.0,0.889011800289154
220,0.8560996826694114,1.0,0.8913041353225708
221,0.8828136836275252,1.0,0.9319545030593872
221,0.8695592753420168,1.0,0.907396137714386
222,0.8828136836275252,0.1,0.9274121522903442
222,0.8560996826694114,2.0,0.8947067260742188
222,0.8560996826694114,2.0,0.8882137537002563
222,0.8695592753420168,1.0,0.9049187302589417
223,0.8958720146687621,1.0,0.9397429823875427
223,0.8424250708520017,1.584962500721156,0.8828871250152588
223,0.8828136836275252,1.0,0.9172940254211426
223,0.8828136836275252,0.1,0.9281684756278992
224,0.8828136836275252,0.1,0.9248477220535278
224,0.8695592753420168,0.1,0.9132775068283081
225,0.8828136836275252,1.0,0.9239486455917358
225,0.8560996826694114,1.0,0.8971565961837769
225,0.8560996826694114,1.0,0.8968155980110168
226,0.8424250708520017,1.0,0.8864338994026184
226,0.8695592753420168,1.584962500721156,0.9048281908035278
226,0.8695592753420168,1.584962500721156,0.9019774794578552
227,0.8958720146687621,1.0,0.9418511986732483
227,0.8695592753420168,1.0,0.9070215225219727
227,0.8424250708520017,1.0,0.8700209856033325
227,0.8695592753420168,0.1,0.9154487252235413
227,0.8560996826694114,0.1,0.888935387134552
227,0.8424250708520017,1.0,0.8820909261703491
227,0.8958720146687621,1.0,0.9401673078536987
227,0.8958720146687621,1.0,0.9391405582427979
227,0.8958720146687621,1.0,0.9365901947021484
227,0.8695592753420168,1.0,0.9022253155708313
227,0.8695592753420168,1.0,0.9138414859771729
228,0.8958720146687621,1.0,0.9407639503479004
228,0.8828136836275252,0.1,0.9254294037818909
228,0.8695592753420168,0.1,0.9038477540016174
228,0.8828136836275252,1.584962500721156,0.9287192225456238
228,0.8560996826694114,1.584962500721156,0.8915513753890991
228,0.8695592753420168,1.584962500721156,0.9070565104484558
228,0.8828136836275252,0.1,0.9219321012496948
228,0.8560996826694114,0.1,0.8909575939178467
228,0.8828136836275252,1.0,0.9281953573226929
228,0.8828136836275252,0.1,0.9178457260131836
228,0.8424250708520017,1.0,0.8846117258071899
229,0.8695592753420168,1.0,0.9139710664749146
229,0.8958720146687621,1.0,0.9409206509590149
229,0.8828136836275252,1.0,0.9175313115119934
229,0.8695592753420168,0.1,0.9195460677146912
229,0.8695592753420168,1.0,0.9035784602165222
229,0.8695592753420168,1.0,0.9000394344329834
229,0.8695592753420168,1.0,0.9060201048851013
229,0.8560996826694114,0.1,0.895353376865387
229,0.8424250708520017,1.0,0.8773635625839233
230,0.8828136836275252,1.0,0.9252306222915649
230,0.8695592753420168,1.584962500721156,0.8999866843223572
231,0.8958720146687621,1.0,0.9434494972229004
231,0.8695592753420168,0.1,0.911309003829956
231,0.8695592753420168,1.0,0.9054375290870667
231,0.8695592753420168,0.1,0.9152964353561401
231,0.8828136836275252,1.0,0.9161275029182434
231,0.8560996826694114,1.584962500721156,0.884944498538971
232,0.8958720146687621,1.0,0.9392603635787964
232,0.8828136836275252,0.1,0.9284999370574951
232,0.8828136836275252,1.0,0.9267382025718689
232,0.8695592753420168,2.0,0.906639575958252
232,0.8560996826694114,0.1,0.8873756527900696
232,0.8560996826694114,1.584962500721156,0.8861582279205322
232,0.8695592753420168,0.1,0.9151141047477722
232,0.8695592753420168,0.1,0.9141948223114014
232,0.8695592753420168,1.0,0.9163049459457397
232,0.8560996826694114,1.0,0.91090989112854
232,0.8560996826694114,1.0,0.8874814510345459
233,0.8560996826694114,1.584962500721156,0.8890240788459778
233,0.8560996826694114,0.1,0.898108184337616
233,0.8695592753420168,1.0,0.910560667514801
234,0.8828136836275252,0.1,0.9271039366722107
234,0.8828136836275252,1.0,0.926550030708313
234,0.8828136836275252,2.0,0.9157220721244812
234,0.8828136836275252,1.0,0.926210880279541
234,0.8560996826694114,1.0,0.8905428647994995
234,0.8695592753420168,1.0,0.9044510126113892
235,0.8828136836275252,1.0,0.9301828742027283
235,0.8828136836275252,0.1,0.9249951839447021
235,0.8828136836275252,1.0,0.9233115911483765
235,0.8695592753420168,0.1,0.9060136675834656
235,0.8560996826694114,1.584962500721156,0.8899303078651428
236,0.8958720146687621,1.0,0.9434282779693604
236,0.8958720146687621,1.584962500721156,0.9409135580062866
236,0.8958720146687621,1.0,0.9408730864524841
236,0.8560996826694114,0.1,0.9064860939979553
236,0.8958720146687621,1.0,0.94263756275177
236,0.8560996826694114,2.0,0.892183244228363
236,0.8828136836275252,1.0,0.925710916519165
236,0.8560996826694114,0.1,0.8962743282318115
236,0.8560996826694114,1.584962500721156,0.8860634565353394
237,0.8828136836275252,1.584962500721156,0.9303687214851379
237,0.8958720146687621,1.0,0.94064861536026
237,0.8560996826694114,1.584962500721156,0.8894155025482178
237,0.8958720146687621,1.0,0.9408787488937378
237,0.8828136836275252,1.0,0.9243037700653076
237,0.8828136836275252,2.0,0.9160463809967041
238,0.8828136836275252,0.1,0.9271937608718872
238,0.8958720146687621,1.0,0.9358938932418823
238,0.8828136836275252,0.1,0.9247997999191284
238,0.8828136836275252,1.0,0.9239171147346497
238,0.8828136836275252,1.0,0.9251335263252258
238,0.8828136836275252,1.0,0.9213401079177856
238,0.8695592753420168,1.0,0.9183441996574402
239,0.8560996826694114,0.1,0.8980144262313843
239,0.8958720146687621,1.584962500721156,0.9385716319084167
239,0.8560996826694114,1.0,0.904725968837738
239,0.8958720146687621,0.1,0.9374608397483826
239,0.8560996826694114,1.0,0.8932234644889832
239,0.8560996826694114,1.0,0.8948730826377869
239,0.8695592753420168,1.584962500721156,0.9057425856590271
239,0.8695592753420168,1.0,0.9120543003082275
239,0.8560996826694114,1.0,0.8907908797264099
240,0.8828136836275252,1.0,0.928887128829956
240,0.8958720146687621,0.1,0.9380300045013428
241,0.8828136836275252,1.584962500721156,0.9311437606811523
241,0.8958720146687621,0.1,0.9405108690261841
241,0.8695592753420168,1.0,0.9156089425086975
241,0.8695592753420168,1.0,0.9073243141174316
241,0.8695592753420168,2.0,0.9049842357635498
241,0.8828136836275252,0.1,0.9295967221260071
241,0.8695592753420168,1.0,0.9071356654167175
241,0.8828136836275252,1.0,0.9273905754089355
242,0.8958720146687621,1.0,0.9405102729797363
242,0.8828136836275252,1.584962500721156,0.9318800568580627
242,0.8695592753420168,1.0,0.9092915058135986
242,0.8695592753420168,1.0,0.9107016921043396
242,0.8828136836275252,1.584962500721156,0.9167346358299255
242,0.8828136836275252,1.0,0.925104022026062
243,0.8828136836275252,1.0,0.9301870465278625
243,0.8958720146687621,1.584962500721156,0.9408121109008789
243,0.8828136836275252,1.0,0.9321469664573669
244,0.8828136836275252,0.1,0.9295859336853027
244,0.8695592753420168,1.0,0.9087077975273132
244,0.8828136836275252,0.1,0.9320191740989685
244,0.8828136836275252,1.0,0.9231323599815369
244,0.8828136836275252,1.0,0.9196658730506897
245,0.8958720146687621,1.0,0.9419590830802917
245,0.8695592753420168,1.584962500721156,0.9141197800636292
245,0.8958720146687621,1.0,0.93705815076828
245,0.8695592753420168,1.0,0.909500002861023
246,0.8695592753420168,1.584962500721156,0.9109870195388794
246,0.8695592753420168,1.584962500721156,0.9049010872840881
246,0.8828136836275252,1.0,0.9322819113731384
247,0.8828136836275252,1.584962500721156,0.919487714767456
247,0.8695592753420168,1.0,0.9205735325813293
247,0.8828136836275252,0.1,0.9298353791236877
247,0.8828136836275252,1.0,0.926271378993988
247,0.8695592753420168,2.0,0.9102777242660522
248,0.8958720146687621,1.0,0.9403746724128723
248,0.8828136836275252,1.0,0.9309538006782532
248,0.8828136836275252,1.584962500721156,0.9278169870376587
248,0.8695592753420168,1.584962500721156,0.902056872844696
248,0.8828136836275252,1.0,0.9274656176567078
248,0.8695592753420168,1.0,0.9127603769302368
249,0.8695592753420168,2.0,0.9200305342674255
249,0.8695592753420168,0.1,0.9124718308448792
249,0.8695592753420168,0.1,0.9191922545433044
249,0.8828136836275252,1.0,0.9250433444976807
249,0.8695592753420168,1.0,0.9129303693771362
249,0.8695592753420168,1.0,0.9065976142883301
249,0.8695592753420168,1.584962500721156,0.9090512990951538
250,0.8828136836275252,0.1,0.9303832650184631
250,0.8828136836275252,1.0,0.9285398721694946
251,0.8958720146687621,1.0,0.9442304372787476
252,0.8958720146687621,1.0,0.9424352049827576
253,0.8828136836275252,1.0,0.930712878704071
253,0.8828136836275252,0.1,0.9351139664649963
253,0.8828136836275252,0.1,0.9264741539955139
253,0.8828136836275252,0.1,0.9368520975112915
255,0.8828136836275252,0.1,0.9384546279907227
255,0.8828136836275252,1.584962500721156,0.9305135011672974
256,0.8828136836275252,0.1,0.9366117119789124
256,0.8828136836275252,0.1,0.9364446997642517
256,0.8828136836275252,0.1,0.9347577691078186
257,0.8828136836275252,0.1,0.9295796155929565
257,0.8828136836275252,0.1,0.9345802664756775
257,0.8828136836275252,0.1,0.9317766427993774
257,0.8828136836275252,1.584962500721156,0.9299863576889038
258,0.8828136836275252,0.1,0.9281409978866577
259,0.8828136836275252,0.1,0.9345219731330872
259,0.8828136836275252,1.0,0.9333555698394775
